,OBJECTID,Tree ID,Tree Type,Genus,Species,Common Name,Canopy Spread,Height,Latitude,Longitude
0,1,10146,DECIDUOUS,Quercus,bicolor,Swamp White Oak,19.0,21.0,40.00910444,-105.2725292
1,2,10150,DECIDUOUS,Gymnocladus,dioicus,Kentucky Coffeetree,31.0,47.0,40.00913593,-105.2727975
2,3,10041,DECIDUOUS,Quercus,rubra,Northern Red Oak,65.0,102.0,40.00888767,-105.2748857
3,4,10042,DECIDUOUS,Quercus,rubra,Northern Red Oak,42.0,54.0,40.00877507,-105.2749996
4,5,10051,DECIDUOUS,Crataegus,Unknown,Hawthorne,18.0,20.0,40.00887024,-105.2754284
5,6,10052,DECIDUOUS,Gleditsia,triacanthos,Honey Locust,34.0,68.0,40.0088399,-105.2753071
6,7,10055,DECIDUOUS,Sorbus,Unknown,Mountain-ash,7.0,17.0,40.00894038,-105.2752206
7,8,10118,DECIDUOUS,Quercus,palustris,Pin Oak,25.0,27.0,40.00895672,-105.2713972
8,9,10456,CONIFEROUS,Pseudotsuga,menziesii,Douglas Fir,10.0,28.0,40.01003153,-105.275527
9,10,10285,DECIDUOUS,Acer,saccharinum,Silver Maple,18.0,25.0,40.00961808,-105.2750125
10,11,10319,CONIFEROUS,Pseudotsuga,menziesii,Douglas Fir,24.0,62.0,40.00959138,-105.2744772
11,12,10328,DECIDUOUS,Quercus,rubra,Northern Red Oak,40.0,56.0,40.00969183,-105.275427
12,13,10329,DECIDUOUS,Tilia,americana,American Linden,35.0,40.0,40.00979183,-105.275269
13,14,10345,DECIDUOUS,Gleditsia,triacanthos,Honey Locust,40.0,45.0,40.01035936,-105.2753222
14,15,10348,DECIDUOUS,Prunus,Unknown,Flowering fruit trees,16.0,30.0,40.0103547,-105.2750968
15,16,10458,CONIFEROUS,Pseudotsuga,menziesii,Douglas Fir,10.0,20.0,40.01004684,-105.2755822
16,17,10464,CONIFEROUS,Pseudotsuga,menziesii,Douglas Fir,25.0,40.0,40.00950967,-105.2757369
17,18,10467,CONIFEROUS,Pinus,nigra,Austrian Pine,16.0,29.0,40.01032476,-105.2760597
18,19,10468,CONIFEROUS,Pinus,mugo,Mugo Pine,7.0,5.0,40.0102291,-105.2760614
19,20,10472,CONIFEROUS,Pinus,ponderosa,Ponderosa Pine,16.0,30.0,40.0103109,-105.2759547
20,21,10479,CONIFEROUS,Pinus,ponderosa,Ponderosa Pine,15.0,60.0,40.01030592,-105.2757596
21,22,10480,CONIFEROUS,Pinus,ponderosa,Ponderosa Pine,15.0,50.0,40.01032389,-105.275713
22,23,10750,DECIDUOUS,Fraxinus,americana,White Ash,15.0,30.0,40.009399,-105.2742956
23,24,10762,DECIDUOUS,Fraxinus,pennsylvanica,Green Ash,20.0,30.0,40.00977326,-105.2762282
24,25,10763,DECIDUOUS,Fraxinus,pennsylvanica,Green Ash,20.0,30.0,40.00966799,-105.2761499
25,26,10771,DECIDUOUS,Fraxinus,pennsylvanica,Green Ash,30.0,35.0,40.00835502,-105.2739823
26,27,10776,DECIDUOUS,Fraxinus,americana,White Ash,15.0,30.0,40.01017593,-105.2742952
27,28,10777,DECIDUOUS,Fraxinus,americana,White Ash,15.0,30.0,40.0101509,-105.2742503
28,29,10787,DECIDUOUS,Fraxinus,americana,White Ash,12.0,35.0,40.01003371,-105.2740349
29,30,10796,DECIDUOUS,Fraxinus,americana,White Ash,15.0,40.0,40.00999893,-105.2738593
30,31,10799,DECIDUOUS,Fraxinus,americana,White Ash,15.0,35.0,40.0100355,-105.2737477
31,32,10802,DECIDUOUS,Fraxinus,americana,White Ash,15.0,35.0,40.01002627,-105.2735994
32,33,11185,DECIDUOUS,Ulmus,americana,American Elm,30.0,85.0,40.00775512,-105.2723714
33,34,11679,CONIFEROUS,Picea,pungens,Blue Spruce,16.0,55.0,40.00915054,-105.2737074
34,35,14154,DECIDUOUS,Syringa,reticulata,Japanese tree lilac,6.0,6.0,40.00986233,-105.2760194
35,36,14155,DECIDUOUS,Cercis,canadensis,Redbud,6.0,6.0,40.00984074,-105.2755459
36,37,12342,CONIFEROUS,Pseudotsuga,menziesii,Douglas Fir,20.0,65.0,40.01030714,-105.2725214
37,38,12415,CONIFEROUS,Juniperus,Unknown,Juniper,16.0,44.0,40.00963388,-105.2725169
38,39,12421,CONIFEROUS,Picea,pungens,Blue Spruce,16.0,50.0,40.00973208,-105.2733052
39,40,12424,CONIFEROUS,Pinus,ponderosa,Ponderosa Pine,32.0,60.0,40.00986978,-105.2722732
40,41,12425,CONIFEROUS,Pinus,ponderosa,Ponderosa Pine,25.0,50.0,40.00992271,-105.2722884
41,42,12467,DECIDUOUS,Quercus,rubra,Northern Red Oak,30.0,65.0,40.00891451,-105.2731733
42,43,12472,DECIDUOUS,Acer,platanoides,Norway Maple,40.0,28.0,40.00845442,-105.2729688
43,44,12474,DECIDUOUS,Quercus,bicolor,Weeping Swamp White Oak,25.0,30.0,40.00833308,-105.2735826
44,45,12475,DECIDUOUS,Tilia,americana,American Linden,20.0,30.0,40.00820831,-105.2731262
45,46,12479,DECIDUOUS,Ulmus,americana,American Elm,60.0,76.0,40.00796755,-105.2728904
46,47,12485,DECIDUOUS,Quercus,macrocarpa,Bur Oak,15.0,20.0,40.00807546,-105.2730072
47,48,12493,DECIDUOUS,Quercus,robur,English Oak,10.0,24.0,40.00787329,-105.2733476
48,49,12538,CONIFEROUS,Picea,pungens,Blue Spruce,20.0,65.0,40.00847666,-105.2738914
49,50,12545,CONIFEROUS,Picea,pungens,Blue Spruce,24.0,60.0,40.00812933,-105.2730364
50,51,12614,CONIFEROUS,Juniperus,Unknown,Juniper,15.0,35.0,40.00828824,-105.2740574
51,52,12390,DECIDUOUS,Celtis,occidentalis,Common Hackberry,20.0,45.0,40.010254,-105.2722569
52,53,12391,DECIDUOUS,Celtis,occidentalis,Common Hackberry,40.0,60.0,40.01027594,-105.2722126
53,54,12393,DECIDUOUS,Ulmus,americana,American Elm,30.0,40.0,40.01031071,-105.272616
54,55,12898,CONIFEROUS,Juniperus,Unknown,Juniper,16.0,35.0,40.00909082,-105.2734609
55,56,12901,CONIFEROUS,Juniperus,Unknown,Juniper,10.0,30.0,40.00929782,-105.2734919
56,57,12923,DECIDUOUS,Ulmus,americana,American Elm,20.0,16.0,40.00994091,-105.2738825
57,58,12679,DECIDUOUS,Fagus,Unknown,Beech,20.0,25.0,40.0081048,-105.2746434
58,59,12681,DECIDUOUS,Koelreuteria,Unknown,Golden Rain Tree,15.0,30.0,40.00818427,-105.2747024
59,60,12752,DECIDUOUS,Acer,rubrum,Red Maple,20.0,30.0,40.0092726,-105.2708834
60,61,12789,DECIDUOUS,Quercus,robur,English Oak,30.0,35.0,40.00928718,-105.2713947
61,62,12805,DECIDUOUS,Catalpa,speciosa,Western Catalpa,35.0,61.0,40.00923169,-105.2739572
62,63,12824,CONIFEROUS,Pinus,ponderosa,Ponderosa Pine,25.0,54.0,40.00829875,-105.2713461
63,64,12942,DECIDUOUS,Prunus,Unknown,Flowering fruit trees,8.0,20.0,40.01004792,-105.2748237
64,65,12942,DECIDUOUS,Prunus,Unknown,Flowering fruit trees,8.0,20.0,40.01005207,-105.2748282
65,66,12953,DECIDUOUS,Rhamnus,Unknown,Buckthorn,8.0,12.0,40.00989656,-105.2748945
66,67,12962,CONIFEROUS,Picea,pungens,Blue Spruce,16.0,40.0,40.00709296,-105.2728093
67,68,12966,CONIFEROUS,Abies,concolor,White Fir,6.0,10.0,40.00968067,-105.2739713
68,69,12969,CONIFEROUS,Juniperus,Unknown,Juniper,10.0,25.0,40.00960249,-105.2740947
69,70,12972,CONIFEROUS,Juniperus,Unknown,Juniper,10.0,30.0,40.00992066,-105.273691
70,71,13216,CONIFEROUS,Pseudotsuga,menziesii,Douglas Fir,12.0,30.0,40.00847436,-105.2752997
71,72,13229,CONIFEROUS,Picea,pungens,Blue Spruce,8.0,35.0,40.00990088,-105.2762624
72,73,12976,CONIFEROUS,Juniperus,Unknown,Juniper,16.0,25.0,40.00952921,-105.2733925
73,74,12993,DECIDUOUS,Rhamnus,cathartica,Buckthorn,8.0,12.0,40.00740665,-105.2726831
74,75,13004,DECIDUOUS,Cercis,canadensis,Redbud,12.0,24.0,40.00747921,-105.2726409
75,76,13008,DECIDUOUS,Rhamnus,Unknown,Buckthorn,8.0,12.0,40.00714774,-105.2729186
76,77,13011,DECIDUOUS,Rhamnus,Unknown,Buckthorn,8.0,12.0,40.00708506,-105.2729232
77,78,13019,DECIDUOUS,Acer,saccharinum,Silver Maple,30.0,40.0,40.00948727,-105.2740096
78,79,13433,DECIDUOUS,Acer,platanoides,Norway Maple,30.0,45.0,40.008496,-105.2745297
79,80,13438,DECIDUOUS,Robinia,Unknown,Locust,25.0,50.0,40.00853913,-105.2748299
80,81,13441,DECIDUOUS,Castanea,Unknown,American Chestnut,15.0,30.0,40.00872321,-105.2748855
81,82,13449,DECIDUOUS,Quercus,rubra,Northern Red Oak,20.0,50.0,40.00886687,-105.2747493
82,83,13453,DECIDUOUS,Fraxinus,pennsylvanica,Green Ash,30.0,40.0,40.00885565,-105.2747881
83,84,13454,DECIDUOUS,Populus,tremuloides,Aspen,10.0,4.0,40.00885314,-105.2745104
84,85,13458,CONIFEROUS,Picea,pungens,Blue Spruce,30.0,45.0,40.00843395,-105.2744883
85,86,13466,CONIFEROUS,Pseudotsuga,menziesii,Douglas Fir,20.0,50.0,40.00875337,-105.2744927
86,87,13469,CONIFEROUS,Picea,pungens,Blue Spruce,20.0,60.0,40.00882264,-105.2744251
87,88,13470,CONIFEROUS,Picea,pungens,Blue Spruce,15.0,45.0,40.00885663,-105.274359
88,89,13471,CONIFEROUS,Picea,pungens,Blue Spruce,15.0,30.0,40.00889677,-105.2743738
89,90,13481,CONIFEROUS,Taxodium,Unknown,Bald Cypress,20.0,40.0,40.0087781,-105.274628
90,91,13306,DECIDUOUS,Rhamnus,Unknown,Buckthorn,8.0,12.0,40.00817646,-105.275106
91,92,13699,DECIDUOUS,Acer,saccharum,Sugar Maple,4.0,8.0,40.00807764,-105.2725316
92,93,13798,DECIDUOUS,Fraxinus,Unknown,Ash,12.0,35.0,40.01006775,-105.2732879
93,94,13806,DECIDUOUS,Gleditsia,triacanthos,Honey Locust,15.0,30.0,40.0099389,-105.2732959
94,95,13825,DECIDUOUS,Crataegus,mollis,Downy Hawthorn,6.0,12.0,40.01036046,-105.2732605
95,96,10148,DECIDUOUS,Quercus,rubra,Northern Red Oak,25.0,36.0,40.00936978,-105.2724634
96,97,10019,CONIFEROUS,Picea,pungens,Blue Spruce,24.0,28.0,40.00890334,-105.2743172
97,98,10034,DECIDUOUS,Catalpa,Unknown,Catalpa,11.0,40.0,40.00893921,-105.2738912
98,99,10035,DECIDUOUS,Quercus,rubra,Northern Red Oak,37.0,64.0,40.00874625,-105.2743363
99,100,10057,DECIDUOUS,Gleditsia,triacanthos,Honey Locust,20.0,45.0,40.00896259,-105.2751339
100,101,10058,DECIDUOUS,Quercus,palustris,Pin Oak,32.0,74.0,40.00903268,-105.275058
101,102,10112,CONIFEROUS,Pinus,strobus,Eastern White Pine,32.0,55.0,40.00933534,-105.2725896
102,103,10113,CONIFEROUS,Pinus,ponderosa,Ponderosa Pine,15.0,37.0,40.00930873,-105.2729914
103,104,10122,DECIDUOUS,Quercus,macrocarpa,Bur Oak,30.0,41.0,40.0084635,-105.2718379
104,105,10127,DECIDUOUS,Fraxinus,americana,White Ash,32.0,38.0,40.00851066,-105.2726376
105,106,10133,DECIDUOUS,Acer,saccharum,Sugar Maple,20.0,28.0,40.00884845,-105.2725864
106,107,10140,DECIDUOUS,Acer,saccharinum,Silver Maple,40.0,92.0,40.00907207,-105.2725929
107,108,10141,DECIDUOUS,Acer,saccharinum,Silver Maple,40.0,89.0,40.00907474,-105.2726974
108,109,10281,DECIDUOUS,Quercus,rubra,Northern Red Oak,30.0,42.0,40.00954381,-105.2748896
109,110,10289,DECIDUOUS,Acer,saccharum,Sugar Maple,24.0,27.0,40.0098037,-105.2750339
110,111,10327,DECIDUOUS,Quercus,rubra,Northern Red Oak,20.0,30.0,40.00993895,-105.2754564
111,112,10331,DECIDUOUS,Acer,rubrum,Red Maple,35.0,36.0,40.00994639,-105.27524
112,113,10339,DECIDUOUS,Acer,platanoides,Norway Maple,40.0,45.0,40.01028369,-105.2755597
113,114,10341,DECIDUOUS,Malus,Unknown,Apple,16.0,30.0,40.01027753,-105.275511
114,115,10343,DECIDUOUS,Prunus,Unknown,Flowering fruit trees,20.0,46.0,40.01027616,-105.2753224
115,116,10463,CONIFEROUS,Pseudotsuga,menziesii,Douglas Fir,25.0,56.0,40.00951465,-105.2757698
116,117,10471,CONIFEROUS,Pinus,nigra,Austrian Pine,16.0,30.0,40.01030799,-105.2758599
117,118,10734,DECIDUOUS,Fraxinus,americana,White Ash,35.0,84.0,40.00903846,-105.2735925
118,119,10746,DECIDUOUS,Fraxinus,americana,White Ash,15.0,30.0,40.0096504,-105.2744232
119,120,10749,DECIDUOUS,Fraxinus,americana,White Ash,15.0,30.0,40.00941492,-105.274279
120,121,10752,DECIDUOUS,Fraxinus,americana,White Ash,15.0,30.0,40.00944042,-105.2743351
121,122,10782,DECIDUOUS,Fraxinus,americana,White Ash,40.0,65.0,40.01005829,-105.2743937
122,123,10788,DECIDUOUS,Fraxinus,americana,White Ash,12.0,30.0,40.01014119,-105.2739437
123,124,10801,DECIDUOUS,Fraxinus,americana,White Ash,15.0,35.0,40.01000158,-105.2737961
124,125,10803,DECIDUOUS,Fraxinus,americana,White Ash,15.0,35.0,40.01006235,-105.2735759
125,126,11193,DECIDUOUS,Syringa,Unknown,Tree Lilac,15.0,19.0,40.00807611,-105.2722326
126,127,11196,DECIDUOUS,Rhamnus,Unknown,Buckthorn,12.0,15.0,40.0081816,-105.2722721
127,128,11199,DECIDUOUS,Quercus,bicolor,Swamp White Oak,9.0,17.0,40.0082989,-105.2725096
128,129,11211,CONIFEROUS,Pinus,nigra,Austrian Pine,17.0,45.0,40.00832581,-105.2722404
129,130,11416,DECIDUOUS,Fraxinus,americana,White Ash,32.0,38.0,40.00851724,-105.2728349
130,131,11673,CONIFEROUS,Picea,pungens,Blue Spruce,16.0,30.0,40.00902692,-105.2719714
131,132,11675,CONIFEROUS,Taxodium,Unknown,Bald Cypress,12.0,22.0,40.0090453,-105.271855
132,133,11660,DECIDUOUS,Fraxinus,americana,White Ash,35.0,60.0,40.01022083,-105.2748442
133,134,12332,CONIFEROUS,Pinus,ponderosa,Ponderosa Pine,25.0,50.0,40.00994811,-105.2723805
134,135,12340,CONIFEROUS,Juniperus,Unknown,Juniper,10.0,25.0,40.01033122,-105.2723156
135,136,12416,CONIFEROUS,Picea,pungens,Blue Spruce,16.0,45.0,40.00966657,-105.2724697
136,137,12465,DECIDUOUS,Quercus,macrocarpa,Bur Oak,8.0,18.0,40.00893141,-105.2728444
137,138,12478,DECIDUOUS,Quercus,rubra,Northern Red Oak,33.0,30.0,40.00835893,-105.2728628
138,139,12483,DECIDUOUS,Celtis,occidentalis,Common Hackberry,25.0,45.0,40.00816906,-105.2727887
139,140,12491,DECIDUOUS,Quercus,robur,English Oak,10.0,40.0,40.00787247,-105.2734444
140,141,12494,DECIDUOUS,Quercus,robur,English Oak,15.0,45.0,40.00787305,-105.2733079
141,142,12541,CONIFEROUS,Thuja,Unknown,Arborvitae,10.0,20.0,40.00825208,-105.2734993
142,143,12544,CONIFEROUS,Abies,concolor,White Fir,24.0,45.0,40.00819932,-105.2730477
143,144,12547,CONIFEROUS,Picea,pungens,Blue Spruce,24.0,45.0,40.008152,-105.2730947
144,145,12379,DECIDUOUS,Acer,rubrum,Red Maple,30.0,40.0,40.00951411,-105.2732592
145,146,12395,DECIDUOUS,Populus,deltoides,Eastern Cotton Wood,45.0,70.0,40.01006089,-105.2731596
146,147,12414,CONIFEROUS,Picea,pungens,Blue Spruce,8.0,38.0,40.0096655,-105.2721083
147,148,12899,CONIFEROUS,Picea,pungens,Blue Spruce,24.0,58.0,40.00931456,-105.2731395
148,149,12908,DECIDUOUS,Populus,Unknown,Poplar,18.0,50.0,40.00957852,-105.274425
149,150,12912,DECIDUOUS,Prunus,Unknown,Flowering fruit trees,16.0,25.0,40.0089623,-105.2741147
150,151,12913,DECIDUOUS,Cercis,canadensis,Redbud,16.0,30.0,40.00906097,-105.2742152
151,152,12929,DECIDUOUS,Crataegus,crusgalli,Cockspur Hawthorn,10.0,10.0,40.01020518,-105.2748804
152,153,12934,DECIDUOUS,Ulmus,americana,American Elm,40.0,65.0,40.01035315,-105.2749046
153,154,12725,CONIFEROUS,Pinus,ponderosa,Ponderosa Pine,30.0,50.0,40.00810352,-105.2744677
154,155,12731,CONIFEROUS,Juniperus,Unknown,Juniper,18.0,35.0,40.00830406,-105.2743406
155,156,12791,DECIDUOUS,Malus,Unknown,Apple,7.0,7.0,40.00905961,-105.2714777
156,157,12799,DECIDUOUS,Acer,rubrum,Red Maple,16.0,24.0,40.00902404,-105.2741008
157,158,12848,CONIFEROUS,Juniperus,Unknown,Juniper,18.0,35.0,40.00773728,-105.2726454
158,159,12946,DECIDUOUS,Prunus,Unknown,Flowering fruit trees,6.0,10.0,40.01000629,-105.2748178
159,160,12960,CONIFEROUS,Picea,pungens,Blue Spruce,18.0,40.0,40.00715453,-105.2726231
160,161,12977,CONIFEROUS,Thuja,Unknown,Arborvitae,8.0,12.0,40.00929869,-105.2740137
161,162,12981,CONIFEROUS,Pseudotsuga,menziesii,Douglas Fir,18.0,61.0,40.00951058,-105.2741272
162,163,12985,CONIFEROUS,Juniperus,Unknown,Juniper,15.0,20.0,40.00926905,-105.2742791
163,164,12992,DECIDUOUS,Rhamnus,Unknown,Buckthorn,8.0,12.0,40.00738939,-105.2725226
164,165,13034,CONIFEROUS,Picea,pungens,Blue Spruce,12.0,40.0,40.00973326,-105.2744248
165,166,13429,DECIDUOUS,Fagus,Unknown,European Beech,16.0,30.0,40.00850048,-105.2743399
166,167,13434,DECIDUOUS,Salix,Unknown,Black Willow,40.0,75.0,40.00860347,-105.2746973
167,168,13455,DECIDUOUS,Populus,tremuloides,Aspen,4.0,8.0,40.00883585,-105.2745516
168,169,13456,DECIDUOUS,Gleditsia,triacanthos,Honey Locust,15.0,40.0,40.00895436,-105.2744064
169,170,13467,CONIFEROUS,Juniperus,Unknown,Juniper,15.0,30.0,40.00877423,-105.2744362
170,171,13468,CONIFEROUS,Juniperus,Unknown,Juniper,15.0,30.0,40.00878089,-105.2744656
171,172,13474,CONIFEROUS,Juniperus,Unknown,Juniper,15.0,20.0,40.00842814,-105.2747306
172,173,13309,DECIDUOUS,Gleditsia,triacanthos,Honey Locust,25.0,35.0,40.00907107,-105.2756646
173,174,13547,CONIFEROUS,Picea,pungens,Blue Spruce,4.0,9.0,40.00914763,-105.2712378
174,175,13799,DECIDUOUS,Fraxinus,Unknown,Ash,12.0,35.0,40.01008018,-105.2732835
175,176,13808,DECIDUOUS,Fraxinus,Unknown,Ash,12.0,35.0,40.00997352,-105.2732212
176,177,13818,DECIDUOUS,Crataegus,mollis,Downy Hawthorn,3.0,10.0,40.01018735,-105.2732017
177,178,13820,DECIDUOUS,Crataegus,mollis,Downy Hawthorn,15.0,20.0,40.01028235,-105.2731543
178,179,13824,DECIDUOUS,Crataegus,mollis,Downy Hawthorn,6.0,12.0,40.01034945,-105.2732235
179,180,13834,DECIDUOUS,Crataegus,Unknown,Hawthorne,15.0,20.0,40.01031834,-105.2743236
180,181,15603,CONIFEROUS,Picea,omorika,Serbian spruce,4.0,6.0,40.0089392,-105.2742818
181,182,15644,DECIDUOUS,Acer,platanoides,Norway maple 'Pacific Sunset',3.0,8.0,40.00973489,-105.2746417
182,183,10013,CONIFEROUS,Picea,pungens,Blue Spruce,19.0,30.0,40.00887285,-105.2741052
183,184,10047,DECIDUOUS,Betula,Unknown,Birch,31.0,29.0,40.00878729,-105.2754761
184,185,10062,DECIDUOUS,Catalpa,speciosa,Western Catalpa,7.0,15.0,40.00905517,-105.2754404
185,186,10065,CONIFEROUS,Pinus,ponderosa,Ponderosa Pine,32.0,69.0,40.0090969,-105.2751946
186,187,10114,CONIFEROUS,Pinus,monticola,Western White Pine,33.0,57.0,40.00927316,-105.2730234
187,188,10136,DECIDUOUS,Quercus,alba,White Oak,5.0,8.0,40.00893887,-105.2719463
188,189,10242,CONIFEROUS,Pseudotsuga,menziesii,Douglas Fir,12.0,48.0,40.00950236,-105.2752401
189,190,10286,DECIDUOUS,Acer,saccharinum,Silver Maple,45.0,56.0,40.00964479,-105.2750387
190,191,10316,CONIFEROUS,Pinus,nigra,Austrian Pine,25.0,39.0,40.00951333,-105.2746085
191,192,10318,CONIFEROUS,Pinus,nigra,Austrian Pine,25.0,54.0,40.00966713,-105.2745859
192,193,10322,DECIDUOUS,Crataegus,Unknown,Hawthorne,24.0,35.0,40.01009242,-105.2758011
193,194,10325,DECIDUOUS,Acer,saccharinum,Silver Maple,35.0,48.0,40.0100786,-105.2757509
194,195,10334,DECIDUOUS,Acer,saccharinum,Silver Maple,40.0,60.0,40.00961608,-105.2758548
195,196,10346,DECIDUOUS,Prunus,Unknown,Flowering fruit trees,16.0,42.0,40.01024523,-105.2752059
196,197,10357,DECIDUOUS,Acer,platanoides,Norway Maple,30.0,34.0,40.01001935,-105.2750102
197,198,10460,CONIFEROUS,Picea,pungens,Blue Spruce,16.0,41.0,40.00966825,-105.2755382
198,199,10473,CONIFEROUS,Juniperus,Unknown,Juniper,16.0,24.0,40.01027444,-105.2759796
199,200,10474,CONIFEROUS,Picea,pungens,Blue Spruce,16.0,24.0,40.01032725,-105.2759235
200,201,10475,CONIFEROUS,Pinus,ponderosa,Ponderosa Pine,15.0,66.0,40.01031386,-105.2758233
201,202,10477,CONIFEROUS,Pinus,ponderosa,Ponderosa Pine,15.0,60.0,40.01028111,-105.2757959
202,203,10727,DECIDUOUS,Fraxinus,americana,White Ash,20.0,35.0,40.00905505,-105.2745475
203,204,10733,DECIDUOUS,Fraxinus,americana,White Ash,25.0,50.0,40.00910648,-105.2742685
204,205,10744,DECIDUOUS,Fraxinus,americana,White Ash,20.0,50.0,40.00935528,-105.2742243
205,206,10753,DECIDUOUS,Fraxinus,americana,White Ash,15.0,30.0,40.00941602,-105.2743226
206,207,10758,DECIDUOUS,Fraxinus,americana,White Ash,18.0,30.0,40.00974216,-105.2739165
207,208,10804,DECIDUOUS,Fraxinus,americana,White Ash,15.0,35.0,40.01007221,-105.2735917
208,209,11190,DECIDUOUS,Acer,saccharum,Sugar Maple,27.0,39.0,40.00807397,-105.2724472
209,210,11200,DECIDUOUS,Quercus,coccinea,Scarlet Oak,16.0,30.0,40.00834553,-105.2726306
210,211,11212,CONIFEROUS,Picea,pungens,Blue Spruce,13.0,46.0,40.00834219,-105.272293
211,212,11671,DECIDUOUS,Celtis,occidentalis,Common Hackberry,25.0,45.0,40.00916457,-105.2738252
212,213,11626,DECIDUOUS,Fraxinus,pennsylvanica,Green Ash,22.0,50.0,40.00916518,-105.2744005
214,215,14153,DECIDUOUS,Pyrus,Unknown,Pear,6.0,6.0,40.01002545,-105.2757611
215,216,12373,DECIDUOUS,Quercus,coccinea,Scarlet Oak,45.0,68.0,40.00950969,-105.2729315
216,217,12375,DECIDUOUS,Cercis,canadensis,Redbud,20.0,30.0,40.00965439,-105.2731201
217,218,12337,CONIFEROUS,Pinus,flexilis,Limber Pine,20.0,63.0,40.0103221,-105.2721205
218,219,12339,CONIFEROUS,Juniperus,Unknown,Juniper,20.0,35.0,40.01027595,-105.2723327
219,220,12473,DECIDUOUS,Populus,deltoides,Eastern Cotton Wood,50.0,65.0,40.00874267,-105.2731004
220,221,12484,DECIDUOUS,Celtis,occidentalis,Common Hackberry,35.0,35.0,40.00798889,-105.2730601
221,222,12492,DECIDUOUS,Quercus,robur,English Oak,10.0,24.0,40.00787166,-105.2733782
222,223,12497,DECIDUOUS,Malus,Unknown,Apple,4.0,7.0,40.00806268,-105.274136
223,224,12616,CONIFEROUS,Picea,pungens,Blue Spruce,8.0,20.0,40.00824703,-105.2740927
224,225,12619,CONIFEROUS,Larix,Unknown,Larch,36.0,52.0,40.0083466,-105.2749871
225,226,12620,CONIFEROUS,Pseudotsuga,menziesii,Douglas fir,12.0,50.0,40.00840935,-105.2748772
226,227,12385,DECIDUOUS,Crataegus,mollis,Downy Hawthorn,10.0,22.0,40.00997224,-105.2721156
227,228,12399,DECIDUOUS,Celtis,occidentalis,Common Hackberry,12.0,24.0,40.01012399,-105.2730934
228,229,12903,CONIFEROUS,Abies,concolor,White Fir,8.0,20.0,40.00930434,-105.2736219
229,230,12906,CONIFEROUS,Pinus,ponderosa,Ponderosa Pine,30.0,47.0,40.00930383,-105.2757187
230,231,12915,DECIDUOUS,Acer,negundo,Boxelder Maple,25.0,40.0,40.00902238,-105.2744348
231,232,12920,DECIDUOUS,Rhamnus,Unknown,Buckthorn,8.0,12.0,40.01008056,-105.2745841
232,233,12922,CONIFEROUS,Xanthocyparis,nootkatensis,Nootka Cypress,16.0,20.0,40.00995516,-105.2739876
233,234,12930,DECIDUOUS,Crataegus,crusgalli,Cockspur Hawthorn,10.0,10.0,40.01021487,-105.2748602
234,235,12722,CONIFEROUS,Picea,pungens,Blue Spruce,16.0,45.0,40.00805488,-105.2747423
235,236,12723,CONIFEROUS,Picea,pungens,Blue Spruce,16.0,35.0,40.00808001,-105.2747114
236,237,12727,CONIFEROUS,Picea,pungens,Blue Spruce,20.0,60.0,40.00808182,-105.2745325
237,238,12793,DECIDUOUS,Crataegus,mollis,Downy Hawthorn,30.0,46.0,40.00916906,-105.2721714
238,239,12796,DECIDUOUS,Acer,saccharinum,Silver Maple,58.0,85.0,40.0090205,-105.2722007
239,240,12797,DECIDUOUS,Acer,pseudoplatanus,Sycamore Maple,16.0,22.0,40.0090422,-105.2722657
240,241,12815,DECIDUOUS,Quercus,alba,White Oak,40.0,63.0,40.00931723,-105.2756707
241,242,12858,CONIFEROUS,Thuja,Unknown,Arborvitae,14.0,30.0,40.00919211,-105.2711325
242,243,12888,CONIFEROUS,Picea,pungens,Blue Spruce,18.0,30.0,40.00918169,-105.271403
243,244,12891,CONIFEROUS,Picea,pungens,Blue Spruce,12.0,20.0,40.00901951,-105.2714277
244,245,12897,CONIFEROUS,Juniperus,Unknown,Juniper,12.0,30.0,40.00907886,-105.2736246
245,246,12949,DECIDUOUS,Rhamnus,Unknown,Buckthorn,8.0,12.0,40.00991752,-105.2748957
246,247,12967,CONIFEROUS,Juniperus,Unknown,Juniper,10.0,35.0,40.00964145,-105.2740006
247,248,12968,CONIFEROUS,Juniperus,Unknown,Juniper,10.0,20.0,40.00967496,-105.2739362
248,249,13166,DECIDUOUS,Acer,saccharinum,Silver Maple,40.0,63.0,40.00972967,-105.2755487
249,250,13003,DECIDUOUS,Cercis,canadensis,Redbud,12.0,24.0,40.00749563,-105.2726005
250,251,13008,DECIDUOUS,Rhamnus,Unknown,Buckthorn,8.0,12.0,40.00714621,-105.2729251
251,252,13026,DECIDUOUS,Tilia,americana,American Linden,25.0,45.0,40.009748,-105.2734142
252,253,13027,DECIDUOUS,Populus,Unknown,Poplar,18.0,40.0,40.00951536,-105.2743826
253,254,13031,CONIFEROUS,Picea,pungens,Blue Spruce,16.0,35.0,40.0090153,-105.2743357
254,255,13033,CONIFEROUS,Larix,Unknown,Larch,4.0,6.0,40.00909556,-105.2742938
255,256,13036,CONIFEROUS,Abies,concolor,White Fir,8.0,30.0,40.01019404,-105.2747486
256,257,13428,DECIDUOUS,Gleditsia,triacanthos,Honey Locust,25.0,35.0,40.00842234,-105.2741818
257,258,13436,DECIDUOUS,Ulmus,americana,American Elm,30.0,50.0,40.00840954,-105.274683
258,259,13437,DECIDUOUS,Ailanthus,Unknown,Tree of Heaven,20.0,40.0,40.00850054,-105.2748066
259,260,13439,DECIDUOUS,Rhamnus,Unknown,Buckthorn,10.0,20.0,40.00857305,-105.2747986
260,261,13445,DECIDUOUS,Acer,palmatum,Japanese Maple,3.0,5.0,40.00873644,-105.2746358
261,262,13457,DECIDUOUS,Gleditsia,triacanthos,Honey Locust,30.0,45.0,40.00895384,-105.2741637
262,263,13476,CONIFEROUS,Pinus,mugo,Mugo Pine,20.0,51.0,40.00831294,-105.2747112
263,264,13482,CONIFEROUS,Picea,pungens,Blue Spruce,20.0,50.0,40.00890026,-105.2745181
264,265,13307,DECIDUOUS,Malus,Unknown,Apple,20.0,30.0,40.00844637,-105.275321
265,266,13811,DECIDUOUS,Fraxinus,Unknown,Ash,12.0,35.0,40.00991463,-105.2732037
266,267,13828,DECIDUOUS,Rhamnus,Unknown,Buckthorn,15.0,15.0,40.01035207,-105.2737232
267,268,15604,CONIFEROUS,Abies,concolor,White Fir,4.0,6.0,40.00828795,-105.2732333
268,269,10144,DECIDUOUS,Malus,Unknown,Apple,18.0,20.0,40.00914635,-105.2725727
269,270,10151,DECIDUOUS,Paulownia,Unknown,Empress Tree,11.0,9.0,40.00912492,-105.2728804
270,271,10016,CONIFEROUS,Picea,pungens,Blue Spruce,8.0,18.0,40.00881728,-105.2742443
271,272,10018,CONIFEROUS,Picea,pungens,Blue Spruce,6.0,13.0,40.00885621,-105.2742764
272,273,10036,DECIDUOUS,Ulmus,americana,American Elm,53.0,65.0,40.00858132,-105.2743693
273,274,10044,DECIDUOUS,Acer,Unknown,Maple,5.0,17.0,40.00872689,-105.2752503
274,275,10046,DECIDUOUS,Ulmus,americana,American Elm,40.0,68.0,40.00854903,-105.2751347
275,276,10059,DECIDUOUS,Castanea,sativa,European chestnut,15.0,21.0,40.00890301,-105.2750648
276,277,10061,DECIDUOUS,Quercus,Unknown,Oak 'Heritage',7.0,16.0,40.00898653,-105.2753593
277,278,10111,CONIFEROUS,Picea,pungens,Blue Spruce,10.0,38.0,40.00845318,-105.2723395
278,279,10128,DECIDUOUS,Acer,saccharinum,Silver Maple,34.0,67.0,40.00879792,-105.2727195
279,280,10138,DECIDUOUS,Quercus,palustris,Pin Oak,27.0,47.0,40.00918875,-105.2726963
280,281,10282,DECIDUOUS,Quercus,rubra,Northern Red Oak,35.0,45.0,40.00975964,-105.2749031
281,282,10283,DECIDUOUS,Gymnocladus,dioicus,Kentucky Coffeetree,35.0,51.0,40.00954999,-105.2751721
282,283,10291,DECIDUOUS,Quercus,bicolor,Swamp White Oak,35.0,60.0,40.0094753,-105.2755978
283,284,10356,DECIDUOUS,Acer,saccharum,Sugar Maple,12.0,20.0,40.00999295,-105.2751757
284,285,10360,DECIDUOUS,Acer,saccharinum,Silver Maple,30.0,35.0,40.01028585,-105.2749089
285,286,10469,CONIFEROUS,Pinus,ponderosa,Ponderosa Pine,20.0,62.0,40.01024958,-105.2756707
286,287,10736,DECIDUOUS,Fraxinus,pennsylvanica,Green Ash,25.0,35.0,40.00949791,-105.2734715
287,288,10748,DECIDUOUS,Fraxinus,americana,White Ash,15.0,30.0,40.00960489,-105.2744646
288,289,10761,DECIDUOUS,Fraxinus,pennsylvanica,Green Ash,25.0,30.0,40.00985836,-105.2762353
289,290,10783,DECIDUOUS,Fraxinus,americana,White Ash,25.0,50.0,40.01006796,-105.2742348
290,291,10786,DECIDUOUS,Fraxinus,americana,White Ash,40.0,60.0,40.01003978,-105.2741584
291,292,10789,DECIDUOUS,Fraxinus,americana,White Ash,12.0,30.0,40.01014218,-105.2739601
292,293,10793,DECIDUOUS,Fraxinus,americana,White Ash,12.0,30.0,40.01002841,-105.2739407
293,294,10795,DECIDUOUS,Fraxinus,americana,White Ash,40.0,70.0,40.01007672,-105.2738131
294,295,10828,DECIDUOUS,Fraxinus,americana,White Ash,20.0,40.0,40.01033979,-105.2733629
295,296,10830,DECIDUOUS,Fraxinus,americana,White Ash,12.0,40.0,40.01025109,-105.2732744
296,297,11187,DECIDUOUS,Tilia,americana,American Linden,21.0,43.0,40.0077835,-105.2725606
297,298,11188,DECIDUOUS,Acer,saccharinum,Silver Maple,30.0,65.0,40.00791504,-105.2723455
298,299,11194,DECIDUOUS,Syringa,Unknown,Tree Lilac,15.0,15.0,40.00810215,-105.2722327
299,300,11202,DECIDUOUS,Celtis,occidentalis,Common Hackberry,35.0,50.0,40.00816727,-105.2726974
300,301,11667,DECIDUOUS,Gleditsia,triacanthos,Honey Locust,30.0,45.0,40.00842482,-105.2735919
301,302,11672,CONIFEROUS,Picea,pungens,Blue Spruce,10.0,21.0,40.00904435,-105.2720301
302,303,11624,DECIDUOUS,Fraxinus,pennsylvanica,Green Ash,20.0,50.0,40.00935134,-105.274656
303,304,12368,DECIDUOUS,Quercus,bicolor,Swamp White Oak,20.0,24.0,40.00959121,-105.2723981
304,305,12369,DECIDUOUS,Magnolia,Unknown,Magnolia,12.0,12.0,40.00959764,-105.272473
305,306,12370,DECIDUOUS,Crataegus,phaenopyrum,Washington Hawthorn,10.0,15.0,40.00955137,-105.2727119
306,307,12371,DECIDUOUS,Crataegus,phaenopyrum,Washington Hawthorn,15.0,15.0,40.00955135,-105.2728083
307,308,12366,DECIDUOUS,Gleditsia,triacanthos,Honey Locust,30.0,55.0,40.00964776,-105.2722233
308,309,12419,CONIFEROUS,Picea,pungens,Blue Spruce,16.0,50.0,40.00968087,-105.2732851
309,310,12423,CONIFEROUS,Pinus,flexilis,Limber Pine,16.0,35.0,40.00953623,-105.272054
310,311,12477,DECIDUOUS,Gymnocladus,dioicus,Kentucky Coffeetree,20.0,54.0,40.00833971,-105.2730267
311,312,13546,CONIFEROUS,Picea,pungens,Blue Spruce,4.0,9.0,40.0091491,-105.2711891
312,313,12487,DECIDUOUS,Pyrus,Unknown,Pear,8.0,20.0,40.00805503,-105.273112
313,314,12542,CONIFEROUS,Thuja,Unknown,Arborvitae,5.0,7.0,40.00823978,-105.2736165
314,315,12618,CONIFEROUS,Larix,Unknown,Larch,12.0,30.0,40.00843066,-105.2748967
315,316,12622,CONIFEROUS,Pinus,ponderosa,Ponderosa Pine,25.0,53.0,40.00816392,-105.275006
316,317,12380,DECIDUOUS,Acer,platanoides,Norway Maple,22.0,33.0,40.0097303,-105.2720151
317,318,12384,CONIFEROUS,Cedrus,Unknown,Cedar,8.0,20.0,40.00981822,-105.272267
318,319,12398,DECIDUOUS,Celtis,occidentalis,Common Hackberry,12.0,24.0,40.01013102,-105.2731134
319,320,12900,CONIFEROUS,Picea,pungens,Blue Spruce,24.0,58.0,40.00933775,-105.2732351
320,321,12916,DECIDUOUS,Platanus,Unknown,American plane tree,25.0,60.0,40.00906298,-105.2744646
321,322,12918,DECIDUOUS,Quercus,macrocarpa,Bur Oak,30.0,35.0,40.00878969,-105.2748263
322,323,12925,DECIDUOUS,Acer,saccharum,Sugar Maple,18.0,25.0,40.01026336,-105.2745535
323,324,12927,DECIDUOUS,Acer,saccharinum,Silver Maple,30.0,45.0,40.01009267,-105.2748757
324,325,12933,DECIDUOUS,Crataegus,mollis,Downy Hawthorn,16.0,35.0,40.01034656,-105.2747304
325,326,12682,DECIDUOUS,Koelreuteria,Unknown,Golden Rain Tree,15.0,30.0,40.0081746,-105.2747243
326,327,12685,DECIDUOUS,Quercus,alba,White Oak,30.0,40.0,40.00823608,-105.2745739
327,328,12726,CONIFEROUS,Pinus,ponderosa,Ponderosa Pine,30.0,56.0,40.00811643,-105.2745645
328,329,12733,CONIFEROUS,Picea,pungens,Blue Spruce,8.0,24.0,40.00825318,-105.2743454
329,330,12734,DECIDUOUS,Malus,Unknown,Apple,16.0,22.0,40.00823212,-105.2713255
330,331,12735,DECIDUOUS,Malus,Unknown,Apple,16.0,20.0,40.00820722,-105.2713254
331,332,12785,DECIDUOUS,Acer,saccharum,Sugar Maple,18.0,35.0,40.00936314,-105.2722618
332,333,12787,DECIDUOUS,Gymnocladus,dioicus,Kentucky Coffeetree,30.0,30.0,40.00935374,-105.2718479
333,334,12803,DECIDUOUS,Gleditsia,triacanthos,Honey Locust,30.0,50.0,40.00895257,-105.2735384
334,335,12823,CONIFEROUS,Picea,pungens,Blue Spruce,18.0,40.0,40.00824513,-105.2711863
335,336,12847,CONIFEROUS,Juniperus,Unknown,Rocky Mountain Juniper,20.0,46.0,40.00773893,-105.2728514
336,337,12856,CONIFEROUS,Picea,pungens,Blue Spruce,12.0,36.0,40.00911312,-105.2712566
337,338,12865,CONIFEROUS,Picea,pungens,Blue Spruce,16.0,35.0,40.00932244,-105.2705961
338,339,12867,CONIFEROUS,Picea,pungens,Blue Spruce,24.0,47.0,40.00915674,-105.2705136
339,340,12868,CONIFEROUS,Juniperus,Unknown,Juniper,12.0,30.0,40.00911364,-105.2702821
340,341,12885,CONIFEROUS,Abies,concolor,White Fir,8.0,35.0,40.00933403,-105.2718817
341,342,12893,CONIFEROUS,Picea,glauca,White Spruce,8.0,30.0,40.00906382,-105.2735717
342,343,12894,CONIFEROUS,Picea,pungens,Blue Spruce,4.0,5.0,40.0090311,-105.2735419
343,344,12895,CONIFEROUS,Picea,pungens,Blue Spruce,12.0,35.0,40.00908963,-105.2735682
344,345,12941,DECIDUOUS,Prunus,Unknown,Flowering fruit trees,20.0,50.0,40.01009175,-105.2748263
345,346,12974,CONIFEROUS,Picea,pungens,Blue Spruce,16.0,35.0,40.0097673,-105.2738605
346,347,13231,CONIFEROUS,Picea,pungens,Blue Spruce,16.0,35.0,40.01003779,-105.276302
347,348,13232,CONIFEROUS,Picea,pungens,Blue Spruce,16.0,35.0,40.01003502,-105.276367
348,349,12990,DECIDUOUS,Cercis,canadensis,Redbud,25.0,38.0,40.0072981,-105.2725014
349,350,13000,DECIDUOUS,Rhamnus,Unknown,Buckthorn,8.0,12.0,40.00712197,-105.2725404
350,351,13002,DECIDUOUS,Cercis,canadensis,Redbud,8.0,12.0,40.00742048,-105.2725068
351,352,13005,DECIDUOUS,Cercis,canadensis,Redbud,12.0,24.0,40.00744523,-105.2726368
352,353,13007,DECIDUOUS,Aesculus,hippocastanum,Horse Chestnut,35.0,56.0,40.00748732,-105.2729176
353,354,13014,DECIDUOUS,Catalpa,speciosa,Western Catalpa,10.0,15.0,40.00950329,-105.2736938
354,355,13032,CONIFEROUS,Larix,Unknown,Larch,4.0,6.0,40.00911159,-105.2742506
355,356,13430,DECIDUOUS,Fagus,Unknown,Beech,16.0,30.0,40.0084647,-105.2744234
356,357,13431,DECIDUOUS,Ulmus,americana,American Elm,40.0,65.0,40.00852898,-105.2744292
357,358,13442,DECIDUOUS,Gymnocladus,dioicus,Kentucky Coffeetree,12.0,50.0,40.00864172,-105.2748415
358,359,13443,DECIDUOUS,Salix,Unknown,Willow,40.0,60.0,40.00866703,-105.2747429
359,360,13447,DECIDUOUS,Carya,Unknown,Hickory,18.0,50.0,40.00881788,-105.2747494
360,361,13450,DECIDUOUS,Malus,Unknown,Apple,20.0,30.0,40.00894178,-105.2746752
361,362,13463,CONIFEROUS,Larix,Unknown,European Larch,16.0,35.0,40.00856495,-105.2745288
362,363,13464,CONIFEROUS,Larix,Unknown,Larch,16.0,35.0,40.00853857,-105.2745686
363,364,13477,CONIFEROUS,Pseudotsuga,menziesii,Douglas Fir,20.0,45.0,40.00851879,-105.2747329
364,365,13796,DECIDUOUS,Salix,Unknown,Willow,35.0,65.0,40.01035261,-105.2734909
365,366,13813,DECIDUOUS,Crataegus,mollis,Downy Hawthorn,10.0,15.0,40.01011814,-105.2732031
366,367,13816,DECIDUOUS,Crataegus,mollis,Downy Hawthorn,3.0,10.0,40.01021496,-105.273187
367,368,13817,DECIDUOUS,Crataegus,mollis,Downy Hawthorn,3.0,10.0,40.01020145,-105.2731939
368,369,10149,DECIDUOUS,Catalpa,speciosa,Western Catalpa,7.0,14.0,40.00905908,-105.272804
369,370,10152,DECIDUOUS,Ulmus,americana,American Elm,60.0,93.0,40.00908975,-105.2729895
370,371,10154,DECIDUOUS,Acer,platanoides,Norway Maple,29.0,40.0,40.00906752,-105.2730935
371,372,10014,CONIFEROUS,Abies,concolor,White Fir,21.0,44.0,40.00883233,-105.274164
372,373,10015,CONIFEROUS,Picea,pungens,Blue Spruce,24.0,36.0,40.00888126,-105.2742478
373,374,10031,DECIDUOUS,Catalpa,Unknown,Catalpa,30.0,80.0,40.00880584,-105.2738156
374,375,10045,DECIDUOUS,Ulmus,americana,American Elm,57.0,65.0,40.00857037,-105.2751444
375,376,10049,DECIDUOUS,Betula,Unknown,Birch,31.0,29.0,40.00878619,-105.2751343
376,377,10054,DECIDUOUS,Crataegus,Unknown,Hawthorne,13.0,18.0,40.00890953,-105.2752637
377,378,10060,DECIDUOUS,Crataegus,Unknown,Hawthorne,23.0,14.0,40.00898727,-105.2754941
378,379,10063,DECIDUOUS,Catalpa,speciosa,Western Catalpa,25.0,78.0,40.00913097,-105.2757072
379,380,10110,CONIFEROUS,Picea,abies,Norway Spruce,12.0,39.0,40.00848625,-105.2723113
380,381,10115,CONIFEROUS,Pinus,ponderosa,Ponderosa Pine,19.0,55.0,40.0093214,-105.2730568
381,382,10125,DECIDUOUS,Platanus,acerifolia,Planetree,6.0,15.0,40.00849711,-105.2724394
382,383,10130,DECIDUOUS,Ulmus,americana,American Elm,54.0,65.0,40.00882798,-105.2724247
383,384,10243,CONIFEROUS,Pseudotsuga,menziesii,Douglas Fir,12.0,48.0,40.00949198,-105.2752866
384,385,10277,DECIDUOUS,Acer,saccharinum,Silver Maple,38.0,55.0,40.00977932,-105.2747668
385,386,10278,DECIDUOUS,Fraxinus,americana,White Ash,16.0,38.0,40.00960564,-105.2747737
386,387,10284,DECIDUOUS,Quercus,rubra,Northern Red Oak,30.0,45.0,40.0095438,-105.2750225
387,388,10288,DECIDUOUS,Tilia,cordata,Little Leaf Linden,40.0,45.0,40.00970855,-105.2751374
388,389,10292,DECIDUOUS,Aesculus,flava,Yellow Buckeye,25.0,76.0,40.01007731,-105.2750506
389,390,10317,CONIFEROUS,Pinus,nigra,Austrian Pine,25.0,50.0,40.00954471,-105.2745946
390,391,10326,DECIDUOUS,Acer,saccharinum,Silver Maple,45.0,70.0,40.01006578,-105.2755976
391,392,10342,DECIDUOUS,Tilia,americana,American Linden,35.0,40.0,40.01023764,-105.2754573
392,393,10347,DECIDUOUS,Prunus,Unknown,Flowering fruit trees,16.0,42.0,40.01028069,-105.2751689
393,394,10351,DECIDUOUS,Acer,saccharinum,Silver Maple,55.0,67.0,40.0099612,-105.2750604
394,395,10457,CONIFEROUS,Pseudotsuga,menziesii,Douglas Fir,10.0,20.0,40.01001908,-105.2755539
395,396,10461,CONIFEROUS,Picea,pungens,Blue Spruce,16.0,41.0,40.00961617,-105.2759021
396,397,10465,CONIFEROUS,Picea,pungens,Blue Spruce,16.0,43.0,40.00951011,-105.2759049
397,398,10476,CONIFEROUS,Pinus,ponderosa,Ponderosa Pine,15.0,60.0,40.01024457,-105.2757802
398,399,10478,CONIFEROUS,Pinus,ponderosa,Ponderosa Pine,15.0,60.0,40.01027243,-105.2757521
399,400,10740,DECIDUOUS,Fraxinus,americana,White Ash,8.0,20.0,40.00963691,-105.2740754
400,401,10740,DECIDUOUS,Fraxinus,americana,White Ash,8.0,20.0,40.00963798,-105.2740853
401,402,10768,DECIDUOUS,Fraxinus,americana,White Ash,20.0,50.0,40.00930146,-105.2743271
402,403,10778,DECIDUOUS,Fraxinus,americana,White Ash,15.0,30.0,40.01015848,-105.2742384
403,404,10781,DECIDUOUS,Fraxinus,americana,White Ash,30.0,70.0,40.01009962,-105.274168
404,405,10791,DECIDUOUS,Fraxinus,americana,White Ash,12.0,30.0,40.01012872,-105.2739989
405,406,10806,DECIDUOUS,Fraxinus,americana,White Ash,15.0,35.0,40.00998009,-105.2736255
406,407,10807,DECIDUOUS,Fraxinus,americana,White Ash,40.0,69.0,40.0099817,-105.2734391
407,408,11198,DECIDUOUS,Acer,x freemanii,Freeman Maple,17.0,36.0,40.00819283,-105.2724176
408,409,11201,DECIDUOUS,Acer,saccharum,Sugar Maple,10.0,16.0,40.00828734,-105.2726992
409,410,11213,CONIFEROUS,Picea,pungens,Blue Spruce,13.0,45.0,40.00828797,-105.2722721
410,411,14152,DECIDUOUS,Gleditsia,triacanthos,Honey Locust,6.0,6.0,40.00990963,-105.2757007
411,412,12374,DECIDUOUS,Cercis,canadensis,Redbud,20.0,30.0,40.00965472,-105.2730591
412,413,12376,DECIDUOUS,Cercis,canadensis,Redbud,20.0,30.0,40.00946618,-105.2730065
413,414,12422,CONIFEROUS,Juniperus,Unknown,Juniper,16.0,40.0,40.00973649,-105.273195
414,415,12426,CONIFEROUS,Pinus,ponderosa,Ponderosa Pine,25.0,50.0,40.00996164,-105.2723182
415,416,12469,DECIDUOUS,Gleditsia,triacanthos,Honey Locust,30.0,50.0,40.00842604,-105.2733009
416,417,12470,DECIDUOUS,Quercus,robur,English Oak,42.0,48.0,40.00843068,-105.2731413
417,418,12615,CONIFEROUS,Juniperus,Unknown,Juniper,15.0,35.0,40.00826073,-105.2740597
418,419,12377,DECIDUOUS,Ulmus,americana,American Elm,45.0,60.0,40.00958605,-105.2731019
419,420,12378,DECIDUOUS,Acer,saccharinum,Silver Maple,36.0,50.0,40.00960964,-105.2732027
420,421,12910,DECIDUOUS,Prunus,Unknown,Flowering fruit trees,16.0,25.0,40.00903431,-105.274222
421,422,12928,DECIDUOUS,Prunus,Unknown,Flowering fruit trees,10.0,12.0,40.0101091,-105.2749115
422,423,12688,DECIDUOUS,Malus,Unknown,Apple,25.0,25.0,40.00851549,-105.2750355
423,424,12730,CONIFEROUS,Abies,concolor,White Fir,18.0,35.0,40.00829292,-105.2744838
424,425,12749,DECIDUOUS,Acer,saccharinum,Silver Maple,40.0,75.0,40.00772997,-105.2731479
425,426,12750,DECIDUOUS,Acer,platanoides,"Schwedler Norway
Maple",28.0,35.0,40.00918576,-105.2711948
426,427,12754,DECIDUOUS,Catalpa,speciosa,Western Catalpa,20.0,35.0,40.00934478,-105.2707463
427,428,12784,DECIDUOUS,Acer,saccharum,Sugar Maple,18.0,20.0,40.00935909,-105.2723711
428,429,12786,DECIDUOUS,Quercus,bicolor,Swamp White Oak,24.0,40.0,40.00935644,-105.2720673
429,430,12794,DECIDUOUS,Crataegus,crusgalli,Cockspur Hawthorn,8.0,10.0,40.00913188,-105.2723492
430,431,12800,DECIDUOUS,Aesculus,Unknown,Buckeye,16.0,20.0,40.0090168,-105.2740275
431,432,12802,DECIDUOUS,Fraxinus,pennsylvanica,Green Ash,30.0,60.0,40.00892747,-105.2734013
432,433,12804,DECIDUOUS,Tilia,americana,American Linden,30.0,50.0,40.00901349,-105.2733774
433,434,12809,DECIDUOUS,Quercus,alba,White Oak,16.0,15.0,40.00930021,-105.2750832
434,435,12810,DECIDUOUS,Acer,saccharum,Sugar Maple,20.0,56.0,40.00932173,-105.2752591
435,436,12812,DECIDUOUS,Malus,Unknown,Apple,30.0,40.0,40.00929453,-105.2754766
436,437,12813,DECIDUOUS,Malus,Unknown,Apple,30.0,40.0,40.00930755,-105.2755138
437,438,12814,DECIDUOUS,Malus,Unknown,Apple,30.0,40.0,40.00927844,-105.2755319
438,439,12816,DECIDUOUS,Acer,platanoides,Norway Maple,20.0,30.0,40.00914431,-105.2754871
439,440,12849,CONIFEROUS,Pinus,strobus,Eastern White Pine,35.0,45.0,40.00777171,-105.2730283
440,441,12853,CONIFEROUS,Pinus,edulis,Colorado Pinyon Pine,6.0,10.0,40.00929067,-105.2712815
441,442,12855,CONIFEROUS,Picea,pungens,Blue Spruce,18.0,65.0,40.00916029,-105.2711387
442,443,12857,CONIFEROUS,Pinus,ponderosa,Ponderosa Pine,25.0,49.0,40.00928885,-105.2710585
443,444,12862,CONIFEROUS,Juniperus,Unknown,Juniper,12.0,37.0,40.0091677,-105.2707995
444,445,12896,CONIFEROUS,Picea,pungens,Blue Spruce,12.0,35.0,40.00911212,-105.2736071
445,446,12945,DECIDUOUS,Prunus,Unknown,Flowering fruit trees,6.0,10.0,40.0100523,-105.2748054
446,447,12948,DECIDUOUS,Rhamnus,Unknown,Buckthorn,8.0,12.0,40.00991694,-105.2749105
447,448,12954,CONIFEROUS,Juniperus,Unknown,Juniper,16.0,37.0,40.0070604,-105.2729994
448,449,12958,CONIFEROUS,Pinus,ponderosa,Ponderosa Pine,16.0,45.0,40.00708994,-105.2725665
449,450,12959,CONIFEROUS,Picea,pungens,Blue Spruce,16.0,45.0,40.00712228,-105.2726082
450,451,13165,DECIDUOUS,Ulmus,americana,American Elm,35.0,77.0,40.00969979,-105.2755685
451,452,13230,CONIFEROUS,Picea,pungens,Blue Spruce,16.0,50.0,40.00998893,-105.2763245
452,453,13236,CONIFEROUS,Picea,pungens,Blue Spruce,20.0,38.0,40.00972475,-105.27582
453,454,12977,CONIFEROUS,Thuja,Unknown,Arborvitae,8.0,12.0,40.00929735,-105.2740213
454,455,12980,CONIFEROUS,Juniperus,Unknown,Juniper,16.0,18.0,40.00942076,-105.2740273
455,456,12989,DECIDUOUS,Rhamnus,Unknown,Buckthorn,8.0,12.0,40.00726838,-105.2725082
456,457,12995,DECIDUOUS,Rhamnus,Unknown,Buckthorn,8.0,12.0,40.00741141,-105.2727951
457,458,12998,DECIDUOUS,Rhamnus,Unknown,Buckthorn,8.0,12.0,40.00723767,-105.272994
458,459,12958,DECIDUOUS,Rhamnus,Unknown,Buckthorn,8.0,12.0,40.0070831,-105.272571
459,460,13020,DECIDUOUS,Acer,x freemanii,Freeman Maple,16.0,25.0,40.00959551,-105.2740189
460,461,13028,CONIFEROUS,Juniperus,Unknown,Juniper,15.0,20.0,40.00939864,-105.2744879
461,462,13030,CONIFEROUS,Picea,pungens,Blue Spruce,16.0,35.0,40.0090173,-105.2742733
462,463,13037,CONIFEROUS,Abies,concolor,White Fir,8.0,20.0,40.01020013,-105.2747752
463,464,13426,DECIDUOUS,Quercus,palustris,Pin Oak,20.0,40.0,40.00845201,-105.2740297
464,465,13435,DECIDUOUS,Acer,saccharinum,Silver Maple,40.0,65.0,40.00888976,-105.2744465
465,466,13446,DECIDUOUS,Quercus,bicolor,Swamp White Oak,20.0,40.0,40.00876916,-105.2747186
466,467,13451,DECIDUOUS,Robinia,Unknown,Locust,10.0,30.0,40.00876249,-105.2745618
467,468,13452,DECIDUOUS,Fraxinus,pennsylvanica,Green Ash,30.0,40.0,40.00879346,-105.2745374
468,469,13459,CONIFEROUS,Picea,pungens,Blue Spruce,35.0,70.0,40.00847174,-105.2746078
469,470,13460,CONIFEROUS,Picea,pungens,Blue Spruce,35.0,70.0,40.0085108,-105.2746625
470,471,13462,CONIFEROUS,Pseudotsuga,menziesii,Douglas Fir,20.0,45.0,40.0085397,-105.2746576
471,472,13478,CONIFEROUS,Juniperus,Unknown,Juniper,8.0,30.0,40.00854466,-105.2747736
472,473,13313,DECIDUOUS,Ulmus,americana,American Elm,35.0,63.0,40.01025939,-105.2765031
473,474,13336,DECIDUOUS,Pyrus,Unknown,Pear,20.0,29.0,40.00971789,-105.2756736
474,475,13695,DECIDUOUS,Acer,saccharum,Sugar maple,5.0,10.0,40.00996269,-105.2750086
475,476,13545,DECIDUOUS,Ulmus,americana,American Elm,50.0,70.0,40.01005396,-105.2733342
477,478,13801,DECIDUOUS,Crataegus,mollis,Downy Hawthorn,12.0,13.5,40.01009672,-105.2732579
479,480,13805,DECIDUOUS,Fraxinus,Unknown,Ash,12.0,35.0,40.01004118,-105.2732807
480,481,13807,DECIDUOUS,Crataegus,mollis,Downy Hawthorn,12.0,13.5,40.01000075,-105.2732601
481,482,13823,DECIDUOUS,Crataegus,mollis,Downy Hawthorn,3.0,10.0,40.01027063,-105.2731695
482,483,13826,DECIDUOUS,Crataegus,mollis,Downy Hawthorn,15.0,15.0,40.01035183,-105.2736005
483,484,13827,DECIDUOUS,Crataegus,mollis,Downy Hawthorn,15.0,20.0,40.01035176,-105.2735643
484,485,14157,DECIDUOUS,Acer,Unknown,Maple,6.0,6.0,40.01000479,-105.2754679
485,486,10033,DECIDUOUS,Gleditsia,triacanthos,Honey Locust,38.0,54.0,40.0089649,-105.2737864
486,487,10043,DECIDUOUS,Tilia,cordata,Little Leaf Linden,34.0,42.0,40.00866358,-105.2750716
487,488,10056,DECIDUOUS,Prunus,Unknown,Flowering fruit trees,9.0,12.0,40.00897726,-105.2751922
488,489,10119,DECIDUOUS,Gingko,biloba,Gingko,10.0,10.0,40.00893703,-105.2714994
489,490,10124,DECIDUOUS,Acer,saccharinum,Silver Maple,25.0,29.0,40.00843061,-105.272223
490,491,10126,DECIDUOUS,Quercus,bicolor,Swamp White Oak,15.0,22.0,40.00846437,-105.2725253
491,492,10131,DECIDUOUS,Quercus,muehlenbergii,Chinkapin Oak,4.0,8.0,40.00889718,-105.2726606
492,493,10132,DECIDUOUS,Quercus,muehlenbergii,Chinkapin Oak,4.0,10.0,40.0089139,-105.2725827
493,494,10134,DECIDUOUS,Quercus,robur,English Oak,38.0,46.0,40.00887324,-105.2722448
494,495,10290,DECIDUOUS,Acer,platanoides,Norway Maple,10.0,29.0,40.00957253,-105.2753615
495,496,10296,CONIFEROUS,Picea,pungens,Blue Spruce,18.0,50.0,40.00909551,-105.2701653
496,497,10324,DECIDUOUS,Crataegus,Unknown,Hawthorne,18.0,20.0,40.01005014,-105.2759186
497,498,10332,DECIDUOUS,Acer,saccharinum,Silver Maple,40.0,50.0,40.00999131,-105.2754009
498,499,10349,DECIDUOUS,Crataegus,Unknown,Hawthorne,20.0,25.0,40.01032985,-105.2750267
499,500,10355,DECIDUOUS,Quercus,muehlenbergii,Chinkapin Oak,6.0,15.0,40.01005338,-105.2752884
500,501,10466,CONIFEROUS,Picea,pungens,Blue Spruce,20.0,61.0,40.00952949,-105.2759784
501,502,10726,DECIDUOUS,Fraxinus,americana,White Ash,35.0,65.0,40.00906019,-105.2745999
502,503,10730,DECIDUOUS,Fraxinus,americana,White Ash,20.0,35.0,40.00908428,-105.2743629
503,504,10731,DECIDUOUS,Fraxinus,americana,White Ash,20.0,50.0,40.00909985,-105.2745593
504,505,10737,DECIDUOUS,Fraxinus,americana,White Ash,30.0,40.0,40.00939124,-105.2739615
505,506,10745,DECIDUOUS,Fraxinus,americana,White Ash,20.0,50.0,40.00938711,-105.2741214
506,507,10753,DECIDUOUS,Fraxinus,americana,White Ash,15.0,30.0,40.00941468,-105.2743191
507,508,10757,DECIDUOUS,Fraxinus,americana,White Ash,18.0,30.0,40.00972261,-105.2739897
508,509,10759,DECIDUOUS,Fraxinus,americana,White Ash,20.0,35.0,40.00994441,-105.2739111
509,510,10760,DECIDUOUS,Fraxinus,americana,White Ash,18.0,30.0,40.01001879,-105.27459
510,511,10769,DECIDUOUS,Fraxinus,americana,White Ash,20.0,50.0,40.00932682,-105.2743807
511,512,10784,DECIDUOUS,Fraxinus,americana,White Ash,10.0,30.0,40.01004571,-105.2742277
512,513,10790,DECIDUOUS,Fraxinus,americana,White Ash,12.0,30.0,40.01009862,-105.2739976
513,514,10792,DECIDUOUS,Fraxinus,americana,White Ash,12.0,30.0,40.01011985,-105.2739994
514,515,10794,DECIDUOUS,Fraxinus,americana,White Ash,40.0,45.0,40.01002142,-105.2738204
515,516,10826,DECIDUOUS,Fraxinus,pennsylvanica,Green Ash,20.0,30.0,40.01032587,-105.2732593
516,517,10831,DECIDUOUS,Fraxinus,americana,White Ash,20.0,30.0,40.01029578,-105.2734314
517,518,11186,DECIDUOUS,Malus,Unknown,Apple,22.0,24.0,40.0077456,-105.2724639
518,519,11208,CONIFEROUS,Picea,pungens,Blue Spruce,20.0,82.0,40.00779476,-105.2722795
519,520,11209,CONIFEROUS,Picea,pungens,Blue Spruce,12.0,27.0,40.00775015,-105.2722847
520,521,11674,CONIFEROUS,Abies,concolor,White Fir,8.0,20.0,40.0090256,-105.2720001
521,522,11625,DECIDUOUS,Fraxinus,pennsylvanica,Green Ash,35.0,50.0,40.00925386,-105.2745315
522,523,12338,CONIFEROUS,Pinus,flexilis,Limber Pine,25.0,67.0,40.01033072,-105.2721927
523,524,12341,CONIFEROUS,Pseudotsuga,menziesii,Douglas Fir,20.0,67.0,40.01029811,-105.2724798
524,525,12367,DECIDUOUS,Quercus,muehlenbergii,Chinkapin Oak,5.0,10.0,40.00950272,-105.2722255
525,526,12417,CONIFEROUS,Juniperus,Unknown,Juniper,20.0,45.0,40.00963331,-105.2729074
526,527,12418,CONIFEROUS,Juniperus,Unknown,Juniper,20.0,40.0,40.00961596,-105.2729805
527,528,12471,DECIDUOUS,Gleditsia,triacanthos,Honey Locust,30.0,50.0,40.00842565,-105.2729424
528,529,12481,DECIDUOUS,Celtis,occidentalis,Common Hackberry,20.0,30.0,40.00795019,-105.2729857
529,530,12539,CONIFEROUS,Picea,pungens,Blue Spruce,20.0,60.0,40.00847054,-105.2739189
530,531,12540,CONIFEROUS,Abies,concolor,White Fir,24.0,40.0,40.00831515,-105.273838
531,532,12548,CONIFEROUS,Picea,pungens,Blue Spruce,10.0,8.0,40.00816124,-105.2730233
532,533,12382,DECIDUOUS,Morus,Unknown,Mulberry,34.0,41.0,40.00981083,-105.2721575
533,534,12389,DECIDUOUS,Sorbus,Unknown,Mountain-ash,20.0,20.0,40.01030059,-105.2723206
534,535,12396,DECIDUOUS,Celtis,occidentalis,Common Hackberry,18.0,35.0,40.01019601,-105.2730882
535,536,12905,CONIFEROUS,Picea,pungens,Blue Spruce,10.0,25.0,40.00932499,-105.2757151
536,537,12907,CONIFEROUS,Pinus,ponderosa,Ponderosa Pine,12.0,20.0,40.00927346,-105.2757147
537,538,12911,DECIDUOUS,Prunus,Unknown,Flowering fruit trees,16.0,25.0,40.00906011,-105.2742602
538,539,12917,DECIDUOUS,Quercus,muehlenbergii,Chinkapin Oak,6.0,12.0,40.00873431,-105.27481
539,540,12931,DECIDUOUS,Crataegus,laevigatga,English Hawthorn,16.0,35.0,40.01034114,-105.2746783
540,541,12683,DECIDUOUS,Acer,saccharinum,Silver Maple,30.0,45.0,40.00823857,-105.2746552
541,542,12686,DECIDUOUS,Celtis,occidentalis,Common Hackberry,16.0,18.0,40.00832786,-105.274575
542,543,12724,CONIFEROUS,Juniperus,Unknown,Juniper,16.0,35.0,40.00808083,-105.2744664
543,544,12729,CONIFEROUS,Picea,pungens,Blue Spruce,20.0,45.0,40.00815295,-105.2745159
544,545,12736,DECIDUOUS,Malus,Unknown,Apple,16.0,20.0,40.00815675,-105.2713192
545,546,12747,DECIDUOUS,Tilia,americana,American Linden,16.0,40.0,40.00777854,-105.273189
546,547,12748,DECIDUOUS,Tilia,americana,American Linden,24.0,45.0,40.00779279,-105.2729322
547,548,12751,DECIDUOUS,Celtis,occidentalis,Common Hackberry,40.0,47.0,40.00934525,-105.2709832
548,549,12790,DECIDUOUS,Quercus,robur,English Oak,35.0,39.0,40.00909445,-105.2714505
549,550,12801,DECIDUOUS,Acer,saccharum,Sugar Maple,30.0,40.0,40.00902436,-105.2738561
550,551,12818,CONIFEROUS,Picea,pungens,Blue Spruce,16.0,40.0,40.0081444,-105.2713433
551,552,12850,CONIFEROUS,Tsuga,Unknown,Hemlock,10.0,30.0,40.00774684,-105.2730264
552,553,12860,CONIFEROUS,Thuja,Unknown,Arborvitae,25.0,40.0,40.00917448,-105.2708319
553,554,12886,CONIFEROUS,Abies,concolor,White Fir,10.0,40.0,40.00934782,-105.2717899
554,555,12887,CONIFEROUS,Abies,concolor,White Fir,5.0,12.0,40.00936023,-105.2714776
555,556,12892,CONIFEROUS,Abies,concolor,White Fir,12.0,30.0,40.00901824,-105.2713731
556,557,12938,DECIDUOUS,Crataegus,mollis,Downy Hawthorn,20.0,35.0,40.01032915,-105.2747372
557,558,12942,DECIDUOUS,Prunus,Unknown,Flowering fruit trees,8.0,20.0,40.01004946,-105.2748248
558,559,12964,CONIFEROUS,Picea,pungens,Blue Spruce,8.0,15.0,40.00715822,-105.2728678
559,560,12965,CONIFEROUS,Picea,pungens,Blue Spruce,20.0,48.0,40.00952181,-105.2735323
560,561,13233,CONIFEROUS,Picea,pungens,Blue Spruce,16.0,45.0,40.01006561,-105.2763499
561,562,13235,CONIFEROUS,Pseudotsuga,menziesii,Douglas Fir,10.0,30.0,40.01002353,-105.2756094
562,563,12983,CONIFEROUS,Juniperus,Unknown,Juniper,15.0,20.0,40.00924652,-105.2741666
563,564,12987,DECIDUOUS,Rhamnus,Unknown,Buckthorn,8.0,12.0,40.00708303,-105.2728734
564,565,12996,DECIDUOUS,Rhamnus,Unknown,Buckthorn,8.0,12.0,40.0073353,-105.2729839
565,566,13004,DECIDUOUS,Cercis,canadensis,Redbud,12.0,24.0,40.00748494,-105.2726346
566,567,13010,DECIDUOUS,Rhamnus,Unknown,Buckthorn,8.0,12.0,40.00709291,-105.2729136
567,568,13013,DECIDUOUS,Catalpa,speciosa,Western Catalpa,6.0,8.0,40.00950747,-105.2736079
568,569,13015,DECIDUOUS,Acer,saccharum,Sugar Maple,10.0,12.0,40.00951402,-105.2737386
569,570,13025,DECIDUOUS,Acer,saccharinum,Silver Maple,35.0,55.0,40.0098349,-105.273775
570,571,13432,DECIDUOUS,Gleditsia,triacanthos,Honey Locust,25.0,40.0,40.00842441,-105.2745811
571,572,13444,DECIDUOUS,Hamemelis,Unknown,Witch Hazel,10.0,10.0,40.00869725,-105.2746543
572,573,13448,DECIDUOUS,Quercus,bicolor,Swamp White Oak,25.0,50.0,40.00886975,-105.2746608
573,574,13461,CONIFEROUS,Picea,pungens,Blue Spruce,20.0,35.0,40.00851409,-105.2746153
574,575,13304,DECIDUOUS,Gleditsia,triacanthos,Honey Locust,24.0,30.0,40.00809457,-105.2750665
575,576,13308,DECIDUOUS,Gleditsia,triacanthos,Honey Locust,25.0,35.0,40.00894553,-105.2755845
576,577,13311,DECIDUOUS,Catalpa,speciosa,Western Catalpa,38.0,75.0,40.00914148,-105.2756892
577,578,14145,DECIDUOUS,Hydrangea,paniculata,Panicle hydrangea,6.0,6.0,40.01007894,-105.2757049
578,579,13694,DECIDUOUS,Quercus,Unknown,Oak,5.0,12.0,40.0099872,-105.2753476
579,580,13664,DECIDUOUS,Magnolia,Unknown,Magnolia,5.0,15.0,40.00969418,-105.2737774
580,581,13822,DECIDUOUS,Crataegus,mollis,Downy Hawthorn,3.0,10.0,40.01026008,-105.2731546
581,582,13829,DECIDUOUS,Liquidambar,Unknown,Sweetgum,15.0,20.0,40.01033175,-105.2739204
582,583,13832,DECIDUOUS,Crataegus,Unknown,Hawthorne,15.0,20.0,40.0103099,-105.2741753
583,584,14158,DECIDUOUS,Cercis,canadensis,Redbud,6.0,6.0,40.00990841,-105.2754623
584,585,15605,DECIDUOUS,Quercus,macrocarpa,Bur Oak,3.0,8.0,40.00798267,-105.2728161
585,586,15677,DECIDUOUS,Acer,grandidentatum,Big Tooth Maple,18.0,10.0,40.00836085,-105.2747255
586,587,15678,DECIDUOUS,Platanus,xna,American Sycamore ,18.0,12.0,40.00845141,-105.2737588
587,588,10142,DECIDUOUS,Cercis,canadensis,Redbud,4.0,10.0,40.00924397,-105.2726198
588,589,10147,DECIDUOUS,Platanus,Unknown,American plane tree,5.0,12.0,40.00904031,-105.2724954
589,590,10153,DECIDUOUS,Ulmus,americana,American Elm,48.0,79.0,40.00915105,-105.2729363
590,591,10157,DECIDUOUS,Malus,Unknown,Apple,23.0,16.0,40.00931809,-105.2729028
591,592,10017,CONIFEROUS,Picea,pungens,Blue Spruce,10.0,52.0,40.0088639,-105.2743717
592,593,10037,DECIDUOUS,Gleditsia,triacanthos,Honey Locust,35.0,50.0,40.00896119,-105.2740145
593,594,10038,DECIDUOUS,Carpinus,Unknown,Hornbeam,25.0,21.0,40.00869213,-105.2744238
594,595,10048,DECIDUOUS,Betula,Unknown,Birch,31.0,29.0,40.00859304,-105.2753991
595,596,10050,DECIDUOUS,Quercus,rubra,Northern Red Oak,35.0,62.0,40.00880788,-105.2755374
596,597,10053,DECIDUOUS,Crataegus,Unknown,Hawthorne,15.0,13.0,40.00890448,-105.2753711
597,598,10120,DECIDUOUS,Quercus,rubra,Northern Red Oak,45.0,50.0,40.00882534,-105.2715062
598,599,10121,DECIDUOUS,Quercus,rubra,Northern Red Oak,23.0,28.0,40.00858333,-105.2715287
599,600,10129,DECIDUOUS,Ulmus,americana,American Elm,45.0,85.0,40.00881864,-105.2726412
600,601,10139,DECIDUOUS,Acer,saccharinum,Silver Maple,40.0,93.0,40.0090459,-105.2724521
601,602,10279,DECIDUOUS,Acer,rubrum,Red Maple,8.0,15.0,40.00977507,-105.2747078
602,603,10337,DECIDUOUS,Quercus,rubra,Northern Red Oak,8.0,10.0,40.0102635,-105.2758974
603,604,10338,DECIDUOUS,Acer,saccharum,Sugar Maple,24.0,30.0,40.0101951,-105.275761
604,605,10350,DECIDUOUS,Celtis,occidentalis,Common Hackberry,40.0,48.0,40.01024856,-105.2750037
605,606,10462,CONIFEROUS,Pseudotsuga,menziesii,Douglas Fir,25.0,38.0,40.00959773,-105.2760316
606,607,10728,DECIDUOUS,Fraxinus,americana,White Ash,20.0,35.0,40.00904545,-105.2744857
607,608,10729,DECIDUOUS,Fraxinus,americana,White Ash,20.0,35.0,40.00905972,-105.2744531
608,609,10740,DECIDUOUS,Fraxinus,americana,White Ash,8.0,20.0,40.00963082,-105.2740756
609,610,10747,DECIDUOUS,Fraxinus,americana,White Ash,15.0,30.0,40.00964189,-105.2744491
610,611,10764,DECIDUOUS,Fraxinus,pennsylvanica,Green Ash,30.0,40.0,40.0091814,-105.2757567
611,612,10775,DECIDUOUS,Fraxinus,americana,White Ash,25.0,60.0,40.01034449,-105.2745355
612,613,10779,DECIDUOUS,Fraxinus,americana,White Ash,15.0,30.0,40.01011441,-105.2741795
613,614,10797,DECIDUOUS,Fraxinus,americana,White Ash,15.0,35.0,40.00999184,-105.2737411
614,615,10798,DECIDUOUS,Fraxinus,americana,White Ash,15.0,35.0,40.01001201,-105.2737028
615,616,10805,DECIDUOUS,Fraxinus,americana,White Ash,15.0,35.0,40.00997838,-105.2736364
616,617,10824,DECIDUOUS,Fraxinus,americana,White Ash,40.0,50.0,40.01022248,-105.2731512
617,618,10825,DECIDUOUS,Fraxinus,americana,White Ash,20.0,40.0,40.01026141,-105.273202
618,619,10829,DECIDUOUS,Fraxinus,americana,White Ash,12.0,30.0,40.01031443,-105.2733863
619,620,10885,DECIDUOUS,Fraxinus,pennsylvanica,Green Ash,20.0,40.0,40.00929654,-105.272248
620,621,11192,DECIDUOUS,Acer,ginnala,Amur Maple,15.0,15.0,40.00805943,-105.2722389
621,622,11195,DECIDUOUS,Syringa,Unknown,Tree Lilac,15.0,16.0,40.00812479,-105.272235
622,623,11662,DECIDUOUS,Acer,pseudoplatanus,Sycamore Maple,20.0,32.0,40.00847994,-105.2713464
623,624,11665,DECIDUOUS,Quercus,bicolor,Swamp White Oak,16.0,40.0,40.00910491,-105.2739085
624,625,11666,DECIDUOUS,Quercus,prinus,Chestnut Oak,42.0,82.0,40.00854375,-105.2740336
625,626,11676,CONIFEROUS,Abies,concolor,White Fir,10.0,36.0,40.00852592,-105.2714063
626,627,14151,DECIDUOUS,Gleditsia,triacanthos,Honey Locust,6.0,6.0,40.00997379,-105.2756999
627,628,12333,CONIFEROUS,Juniperus,Unknown,Juniper,20.0,40.0,40.00995995,-105.272281
628,629,12365,DECIDUOUS,Gingko,biloba,Gingko,16.0,30.0,40.00972911,-105.2722468
629,630,12420,CONIFEROUS,Picea,pungens,Blue Spruce,16.0,50.0,40.00971439,-105.2732491
630,631,12466,DECIDUOUS,Quercus,rubra,Northern Red Oak,30.0,68.0,40.00890373,-105.2730371
631,632,12476,DECIDUOUS,Gingko,biloba,Gingko,5.0,12.0,40.00818644,-105.2729827
632,633,12480,DECIDUOUS,Quercus,rubra,Northern Red Oak,40.0,55.0,40.00791697,-105.2730867
633,634,12482,DECIDUOUS,Celtis,occidentalis,Common Hackberry,20.0,35.0,40.00804792,-105.2727982
634,635,12383,DECIDUOUS,Celtis,occidentalis,Common Hackberry,30.0,55.0,40.00983338,-105.2721076
635,636,12386,DECIDUOUS,Crataegus,mollis,Downy Hawthorn,10.0,20.0,40.00999131,-105.2720496
636,637,12387,DECIDUOUS,Acer,platanoides,Norway Maple,25.0,28.0,40.00993709,-105.2720124
637,638,12388,DECIDUOUS,Celtis,occidentalis,Common Hackberry,20.0,40.0,40.01035101,-105.2722322
638,639,12397,DECIDUOUS,Celtis,occidentalis,Common Hackberry,12.0,24.0,40.0101434,-105.2730861
639,640,12400,DECIDUOUS,Celtis,occidentalis,Common Hackberry,12.0,24.0,40.01019471,-105.2729729
640,641,12902,CONIFEROUS,Picea,pungens,Blue Spruce,16.0,55.0,40.00930639,-105.2734864
641,642,12904,CONIFEROUS,Pseudotsuga,menziesii,Douglas Fir,18.0,58.0,40.00926637,-105.2737546
642,643,12909,DECIDUOUS,Prunus,Unknown,Flowering fruit trees,16.0,30.0,40.00906377,-105.2742505
643,644,12919,DECIDUOUS,Acer,saccharinum,Silver Maple,25.0,30.0,40.00978831,-105.2745321
644,645,12921,DECIDUOUS,Rhamnus,Unknown,Buckthorn,8.0,12.0,40.01004408,-105.274514
645,646,12926,DECIDUOUS,Gymnocladus,dioicus,Kentucky Coffeetree,35.0,65.0,40.01016852,-105.2747657
646,647,12680,DECIDUOUS,Koelreuteria,Unknown,Golden Rain Tree,15.0,30.0,40.00816292,-105.2747073
647,648,12687,DECIDUOUS,Gingko,biloba,Gingko,7.0,10.0,40.00829618,-105.2744101
648,649,12732,CONIFEROUS,Juniperus,Unknown,Juniper,18.0,35.0,40.00826856,-105.2743303
649,650,12753,DECIDUOUS,Acer,saccharinum,Silver Maple,20.0,40.0,40.0091385,-105.2707318
650,651,12788,DECIDUOUS,Gymnocladus,dioicus,Kentucky Coffeetree,30.0,30.0,40.00934314,-105.2715892
651,652,12806,DECIDUOUS,Catalpa,speciosa,Western Catalpa,30.0,58.0,40.00938921,-105.2735878
652,653,12807,DECIDUOUS,Quercus,rubra,Northern Red Oak,40.0,62.0,40.00928361,-105.2738253
653,654,12851,CONIFEROUS,Picea,pungens,Blue Spruce,12.0,29.0,40.00933937,-105.271327
654,655,12852,CONIFEROUS,Picea,pungens,Blue Spruce,12.0,26.0,40.00935163,-105.2712821
655,656,12854,CONIFEROUS,Picea,pungens,Blue Spruce,18.0,68.0,40.0091133,-105.271193
656,657,12859,CONIFEROUS,Thuja,Unknown,Arborvitae,25.0,40.0,40.00918398,-105.2709573
657,658,12947,DECIDUOUS,Prunus,Unknown,Flowering fruit trees,6.0,10.0,40.01002656,-105.2748921
658,659,12950,DECIDUOUS,Rhamnus,Unknown,Buckthorn,8.0,12.0,40.00990429,-105.2748671
659,660,12948,DECIDUOUS,Rhamnus,Unknown,Buckthorn,8.0,12.0,40.00991577,-105.2749058
660,661,12963,CONIFEROUS,Picea,pungens,Blue Spruce,16.0,40.0,40.00712727,-105.2728723
661,662,12970,CONIFEROUS,Juniperus,Unknown,Juniper,10.0,25.0,40.00969238,-105.2738982
662,663,12971,CONIFEROUS,Picea,pungens,Blue Spruce,10.0,25.0,40.00971054,-105.2738396
663,664,12979,CONIFEROUS,Thuja,Unknown,Arborvitae,8.0,12.0,40.00927249,-105.2740741
664,665,10748,CONIFEROUS,Picea,pungens,Blue Spruce,10.0,15.0,40.00960263,-105.2744545
665,666,12990,DECIDUOUS,Rhamnus,Unknown,Buckthorn,8.0,12.0,40.00729986,-105.2725112
666,667,12994,DECIDUOUS,Rhamnus,Unknown,Buckthorn,8.0,12.0,40.00741384,-105.2727223
667,668,13016,DECIDUOUS,Rhamnus,Unknown,Buckthorn,18.0,12.0,40.00953669,-105.2738046
668,669,13017,DECIDUOUS,Malus,Unknown,Apple,12.0,12.0,40.00945178,-105.2738094
669,670,13018,DECIDUOUS,Acer,saccharinum,Silver Maple,35.0,55.0,40.00956073,-105.2738817
670,671,13021,DECIDUOUS,Acer,x freemanii,Freeman Maple,8.0,12.0,40.00953549,-105.2740816
671,672,13035,CONIFEROUS,Pinus,mugo,Mugo Pine,20.0,20.0,40.01003841,-105.2744436
672,673,13038,CONIFEROUS,Abies,concolor,White Fir,16.0,45.0,40.0101282,-105.2748932
673,674,13475,CONIFEROUS,Pinus,mugo,Mugo Pine,20.0,51.0,40.00857213,-105.2749767
674,675,13305,DECIDUOUS,Acer,rubrum,Red Maple,20.0,35.0,40.00822592,-105.2751458
675,676,13314,DECIDUOUS,Malus,Unknown,Apple,12.0,12.0,40.01039314,-105.2764618
676,677,13315,DECIDUOUS,Malus,Unknown,Apple,12.0,16.0,40.01039347,-105.2763469
677,678,13331,DECIDUOUS,Ulmus,americana,American Elm,45.0,54.0,40.00994747,-105.2762953
678,679,13800,DECIDUOUS,Fraxinus,Unknown,Ash,12.0,35.0,40.01008905,-105.2732932
679,680,13802,DECIDUOUS,Crataegus,mollis,Downy Hawthorn,12.0,13.5,40.0100577,-105.2732397
680,681,13821,DECIDUOUS,Crataegus,mollis,Downy Hawthorn,3.0,10.0,40.01024888,-105.273141
681,682,14159,DECIDUOUS,Cercis,canadensis,Redbud,6.0,6.0,40.00997266,-105.2754634
682,683,14160,DECIDUOUS,Malus,Unknown,Apple,6.0,6.0,40.01002079,-105.275589
683,684,10143,DECIDUOUS,Quercus,macrocarpa,Bur Oak,29.0,37.0,40.00920792,-105.2728465
684,685,10145,DECIDUOUS,Malus,Unknown,Apple,21.0,15.0,40.00931821,-105.2726584
685,686,10156,DECIDUOUS,Acer,platanoides,Norway Maple,17.0,27.0,40.00928447,-105.272934
686,687,10032,DECIDUOUS,Catalpa,Unknown,Catalpa,20.0,65.0,40.00885225,-105.2737589
687,688,10040,DECIDUOUS,Tilia,cordata,Little Leaf Linden,37.0,45.0,40.00885592,-105.2735717
688,689,10123,DECIDUOUS,Quercus,alba,White Oak,6.0,11.0,40.00844611,-105.2720974
689,690,10135,DECIDUOUS,Quercus,alba,White Oak,5.0,8.0,40.00890708,-105.2720421
690,691,10244,CONIFEROUS,Pinus,strobiformis,Southwestern White Pine,32.0,52.0,40.00952279,-105.2752546
691,692,10320,CONIFEROUS,Juniperus,Unknown,Juniper,16.0,18.0,40.00968134,-105.274525
692,693,10333,DECIDUOUS,Acer,saccharinum,Silver Maple,40.0,60.0,40.00957882,-105.2756485
693,694,10336,DECIDUOUS,Ulmus,americana,American Elm,35.0,46.0,40.01033806,-105.2759972
694,695,10339,DECIDUOUS,Prunus,Unknown,Flowering fruit trees,20.0,49.0,40.01028034,-105.2755611
695,696,10344,DECIDUOUS,Liriodendron,tulipifera,Tulip Tree,8.0,15.0,40.01031859,-105.2754632
696,697,10352,DECIDUOUS,Acer,saccharinum,Silver Maple,60.0,75.0,40.01007757,-105.2754581
697,698,10459,CONIFEROUS,Picea,pungens,Blue Spruce,16.0,40.0,40.00986825,-105.2754197
698,699,10470,CONIFEROUS,Pinus,nigra,Austrian Pine,16.0,38.0,40.01027229,-105.2758179
699,700,10481,CONIFEROUS,Picea,pungens,Blue Spruce,16.0,41.0,40.01027617,-105.27526
700,701,10725,DECIDUOUS,Fraxinus,americana,White Ash,15.0,30.0,40.00871351,-105.2747593
701,702,10732,DECIDUOUS,Fraxinus,americana,White Ash,25.0,50.0,40.00903838,-105.2742536
702,703,10735,DECIDUOUS,Fraxinus,pennsylvanica,Green Ash,40.0,75.0,40.00953403,-105.2731339
703,704,10780,DECIDUOUS,Fraxinus,americana,White Ash,15.0,30.0,40.01015323,-105.2739543
704,705,10784,DECIDUOUS,Fraxinus,americana,White Ash,10.0,30.0,40.01004286,-105.2742321
705,706,10800,DECIDUOUS,Fraxinus,americana,White Ash,15.0,35.0,40.01004382,-105.2737678
706,707,10834,DECIDUOUS,Fraxinus,pennsylvanica,Green Ash,20.0,30.0,40.00896435,-105.2757084
707,708,10924,CONIFEROUS,Juniperus,Unknown,Juniper,10.0,29.0,40.00763182,-105.2722861
708,709,11189,DECIDUOUS,Acer,saccharinum,Silver Maple,30.0,60.0,40.00796393,-105.2725857
709,710,11191,DECIDUOUS,Quercus,palustris,Pin Oak,26.0,56.0,40.00809071,-105.272314
710,711,11197,DECIDUOUS,Rhamnus,Unknown,Buckthorn,12.0,15.0,40.00820849,-105.2722712
711,712,11203,DECIDUOUS,Celtis,occidentalis,Common Hackberry,30.0,54.0,40.00806316,-105.2726998
712,713,11210,CONIFEROUS,Picea,pungens,Blue Spruce,12.0,30.0,40.00773859,-105.2723103
713,714,11669,DECIDUOUS,Gleditsia,triacanthos,Honey Locust,30.0,45.0,40.00842461,-105.2739441
714,715,11670,DECIDUOUS,Quercus,coccinea,Scarlet Oak,30.0,68.0,40.00904874,-105.2737772
715,716,11678,CONIFEROUS,Picea,pungens,Blue Spruce,14.0,55.0,40.0091189,-105.2736743
716,717,11623,DECIDUOUS,Fraxinus,pennsylvanica,Green Ash,40.0,51.0,40.00935042,-105.2748205
717,718,11661,DECIDUOUS,Fraxinus,americana,White Ash,35.0,52.0,40.0096928,-105.2758574
718,719,14156,DECIDUOUS,Acer,platanoides,Norway Maple,6.0,6.0,40.00987523,-105.2754634
719,720,12372,DECIDUOUS,Quercus,coccinea,Scarlet Oak,45.0,54.0,40.0095019,-105.2725889
720,721,12331,CONIFEROUS,Pinus,ponderosa,Ponderosa Pine,25.0,50.0,40.010007,-105.2724681
721,722,12335,CONIFEROUS,Picea,pungens,Blue Spruce,20.0,60.0,40.01007713,-105.2720146
722,723,12464,DECIDUOUS,Acer,platanoides,Norway Maple,33.0,25.0,40.00881526,-105.2728325
723,724,12468,DECIDUOUS,Gleditsia,triacanthos,Honey Locust,25.0,38.0,40.00842731,-105.2734101
724,725,12514,DECIDUOUS,Malus,Unknown,Apple,5.0,40.0,40.00718783,-105.2731787
725,726,12546,CONIFEROUS,Picea,pungens,Blue Spruce,24.0,60.0,40.00812263,-105.27309
726,727,12617,CONIFEROUS,Abies,concolor,White Fir,20.0,62.0,40.0083133,-105.2739768
727,728,12621,CONIFEROUS,Pinus,mugo,Mugo Pine,6.0,8.0,40.00849311,-105.2751056
728,729,12381,DECIDUOUS,Fagus,Unknown,Beech,16.0,30.0,40.00960127,-105.27204
729,730,12392,DECIDUOUS,Gleditsia,triacanthos,Honey Locust,20.0,39.0,40.01037771,-105.2726406
730,731,12394,DECIDUOUS,Acer,platanoides,Norway Maple,25.0,40.0,40.01025798,-105.2730027
731,732,12914,DECIDUOUS,Cercis,canadensis,Redbud,16.0,25.0,40.00905726,-105.2745044
732,733,12924,DECIDUOUS,Acer,saccharum,Sugar Maple,18.0,25.0,40.01026781,-105.2746811
733,734,12932,DECIDUOUS,Crataegus,mollis,Downy Hawthorn,16.0,35.0,40.01035796,-105.2746879
734,735,12741,DECIDUOUS,Crataegus,crusgalli,Cockspur Hawthorn,6.0,8.0,40.00825775,-105.2710256
735,736,12792,DECIDUOUS,Gingko,biloba,Gingko,5.0,12.0,40.00912718,-105.2722592
736,737,12795,DECIDUOUS,Crataegus,crusgalli,Cockspur Hawthorn,8.0,10.0,40.00909697,-105.2723709
737,738,12798,DECIDUOUS,Acer,pseudoplatanus,Sycamore Maple,16.0,24.0,40.00903888,-105.2723798
738,739,12808,DECIDUOUS,Acer,rubrum,Red Maple,10.0,15.0,40.00932401,-105.2751787
739,740,12861,CONIFEROUS,Picea,pungens,Blue Spruce,25.0,65.0,40.00917084,-105.2710207
740,741,12863,CONIFEROUS,Picea,pungens,Blue Spruce,16.0,48.0,40.00916897,-105.2708123
741,742,12889,CONIFEROUS,Picea,pungens,Colorado Blue Spruce,16.0,28.0,40.00906255,-105.2713403
742,743,12890,CONIFEROUS,Picea,pungens,Blue Spruce,18.0,58.0,40.00909676,-105.2713747
743,744,12936,DECIDUOUS,Acer,saccharinum,Silver Maple,30.0,45.0,40.010301,-105.2748992
744,745,12939,DECIDUOUS,Gymnocladus,dioicus,Kentucky Coffeetree,20.0,45.0,40.01030737,-105.2748025
745,746,12951,DECIDUOUS,Rhamnus,Unknown,Buckthorn,8.0,12.0,40.00989931,-105.274877
746,747,12961,CONIFEROUS,Pinus,ponderosa,Ponderosa Pine,6.0,20.0,40.00709355,-105.2726408
747,748,13214,CONIFEROUS,Pseudotsuga,menziesii,Douglas Fir,16.0,48.0,40.00835645,-105.2752121
748,749,13215,CONIFEROUS,Pseudotsuga,menziesii,Douglas Fir,12.0,30.0,40.00842678,-105.2752812
749,750,12975,CONIFEROUS,Picea,pungens,Blue Spruce,16.0,30.0,40.00985278,-105.2734539
750,751,12984,CONIFEROUS,Juniperus,Unknown,Juniper,15.0,20.0,40.00925814,-105.2742384
751,752,12988,DECIDUOUS,Rhamnus,Unknown,Buckthorn,8.0,12.0,40.00724519,-105.2725111
752,753,12991,DECIDUOUS,Rhamnus,Unknown,Buckthorn,8.0,12.0,40.00734583,-105.2725007
753,754,12997,DECIDUOUS,Rhamnus,Unknown,Buckthorn,8.0,12.0,40.00727191,-105.2729839
754,755,13010,DECIDUOUS,Rhamnus,Unknown,Buckthorn,8.0,12.0,40.00709568,-105.2729206
755,756,13022,DECIDUOUS,Prunus,Unknown,Flowering fruit trees,10.0,15.0,40.00960698,-105.2739743
756,757,13023,DECIDUOUS,Acer,saccharinum,Silver Maple,20.0,40.0,40.00963887,-105.2739365
757,758,13029,CONIFEROUS,Picea,pungens,Blue Spruce,16.0,35.0,40.00903978,-105.274307
758,759,13427,DECIDUOUS,Ulmus,americana,American Elm,40.0,75.0,40.00841252,-105.2741229
759,760,13440,DECIDUOUS,Rhamnus,Unknown,Buckthorn,18.0,10.0,40.00856537,-105.274849
760,761,13465,CONIFEROUS,Picea,pungens,Blue Spruce,16.0,40.0,40.00869288,-105.2745393
761,762,13472,CONIFEROUS,Juniperus,Unknown,Juniper,20.0,35.0,40.00842537,-105.2747549
762,763,13479,CONIFEROUS,Picea,pungens,Blue Spruce,16.0,40.0,40.00867755,-105.2748723
763,764,13480,CONIFEROUS,Juniperus,Unknown,Juniper,10.0,20.0,40.00867097,-105.2748236
764,765,13312,DECIDUOUS,Quercus,robur,English Oak,35.0,40.0,40.00917658,-105.2758658
765,766,13700,DECIDUOUS,Acer,saccharum,Sugar Maple,4.0,8.0,40.00818766,-105.2725514
766,767,13544,DECIDUOUS,Ulmus,americana,American Elm,8.0,20.0,40.01030426,-105.2728703
769,770,13814,DECIDUOUS,Crataegus,mollis,Downy Hawthorn,10.0,15.0,40.01013586,-105.2732202
770,771,13815,DECIDUOUS,Crataegus,mollis,Downy Hawthorn,3.0,10.0,40.01023126,-105.2731808
771,772,13819,DECIDUOUS,Crataegus,mollis,Downy Hawthorn,15.0,20.0,40.01017259,-105.2731738
772,773,13830,DECIDUOUS,Taxodium,Unknown,Bald Cypress,15.0,25.0,40.01025156,-105.2739641
773,774,13833,DECIDUOUS,Crataegus,Unknown,Hawthorne,15.0,20.0,40.01031641,-105.2742579
774,775,14027,DECIDUOUS,Catalpa,speciosa,Western Catalpa,5.0,10.0,40.00831462,-105.2727976
775,776,15693,DECIDUOUS,Acer,saccharum,Unknown,18.0,30.0,40.00969953,-105.2748892
776,777,15694,DECIDUOUS,Acer,saccharum,Sugar Maple,18.0,12.0,40.00986183,-105.2751432
