OBJECTID,Tree ID,Tree Type,Genus,Species,Cultivar or Varietal,Common Name,Canopy Spread,Height,Latitude,Longitude
1,10146,DECIDUOUS,Quercus,bicolor,,Swamp White Oak,19,21,40.00910444,-105.2725292
2,10150,DECIDUOUS,Gymnocladus,dioicus,,Kentucky Coffeetree,31,47,40.00913593,-105.2727975
3,10041,DECIDUOUS,Quercus,rubra,,Northern Red Oak,65,102,40.00888767,-105.2748857
4,10042,DECIDUOUS,Quercus,rubra,,Northern Red Oak,42,54,40.00877507,-105.2749996
5,10051,DECIDUOUS,Crataegus,,,Hawthorne,18,20,40.00887024,-105.2754284
6,10052,DECIDUOUS,Gleditsia,triacanthos,,Honey Locust,34,68,40.0088399,-105.2753071
7,10055,DECIDUOUS,Sorbus,,,Mountain-ash,7,17,40.00894038,-105.2752206
8,10118,DECIDUOUS,Quercus,palustris,,Pin Oak,25,27,40.00895672,-105.2713972
9,10456,CONIFEROUS,Pseudotsuga,menziesii,,Douglas Fir,10,28,40.01003153,-105.275527
10,10285,DECIDUOUS,Acer,saccharinum,,Silver Maple,18,25,40.00961808,-105.2750125
11,10319,CONIFEROUS,Pseudotsuga,menziesii,,Douglas Fir,24,62,40.00959138,-105.2744772
12,10328,DECIDUOUS,Quercus,rubra,,Northern Red Oak,40,56,40.00969183,-105.275427
13,10329,DECIDUOUS,Tilia,americana,,American Linden,35,40,40.00979183,-105.275269
14,10345,DECIDUOUS,Gleditsia,triacanthos,,Honey Locust,40,45,40.01035936,-105.2753222
15,10348,DECIDUOUS,Prunus,,,Flowering fruit trees,16,30,40.0103547,-105.2750968
16,10458,CONIFEROUS,Pseudotsuga,menziesii,,Douglas Fir,10,20,40.01004684,-105.2755822
17,10464,CONIFEROUS,Pseudotsuga,menziesii,,Douglas Fir,25,40,40.00950967,-105.2757369
18,10467,CONIFEROUS,Pinus,nigra,,Austrian Pine,16,29,40.01032476,-105.2760597
19,10468,CONIFEROUS,Pinus,mugo,,Mugo Pine,7,5,40.0102291,-105.2760614
20,10472,CONIFEROUS,Pinus,ponderosa,,Ponderosa Pine,16,30,40.0103109,-105.2759547
21,10479,CONIFEROUS,Pinus,ponderosa,,Ponderosa Pine,15,60,40.01030592,-105.2757596
22,10480,CONIFEROUS,Pinus,ponderosa,,Ponderosa Pine,15,50,40.01032389,-105.275713
23,10750,DECIDUOUS,Fraxinus,americana,,White Ash,15,30,40.009399,-105.2742956
24,10762,DECIDUOUS,Fraxinus,pennsylvanica,,Green Ash,20,30,40.00977326,-105.2762282
25,10763,DECIDUOUS,Fraxinus,pennsylvanica,,Green Ash,20,30,40.00966799,-105.2761499
26,10771,DECIDUOUS,Fraxinus,pennsylvanica,,Green Ash,30,35,40.00835502,-105.2739823
27,10776,DECIDUOUS,Fraxinus,americana,,White Ash,15,30,40.01017593,-105.2742952
28,10777,DECIDUOUS,Fraxinus,americana,,White Ash,15,30,40.0101509,-105.2742503
29,10787,DECIDUOUS,Fraxinus,americana,,White Ash,12,35,40.01003371,-105.2740349
30,10796,DECIDUOUS,Fraxinus,americana,,White Ash,15,40,40.00999893,-105.2738593
31,10799,DECIDUOUS,Fraxinus,americana,,White Ash,15,35,40.0100355,-105.2737477
32,10802,DECIDUOUS,Fraxinus,americana,,White Ash,15,35,40.01002627,-105.2735994
33,11185,DECIDUOUS,Ulmus,americana,,American Elm,30,85,40.00775512,-105.2723714
34,11679,CONIFEROUS,Picea,pungens,,Blue Spruce,16,55,40.00915054,-105.2737074
35,14154,DECIDUOUS,Syringa,reticulata,,Japanese tree lilac,6,6,40.00986233,-105.2760194
36,14155,DECIDUOUS,Cercis,canadensis,,Redbud,6,6,40.00984074,-105.2755459
37,12342,CONIFEROUS,Pseudotsuga,menziesii,,Douglas Fir,20,65,40.01030714,-105.2725214
38,12415,CONIFEROUS,Juniperus,,,Juniper,16,44,40.00963388,-105.2725169
39,12421,CONIFEROUS,Picea,pungens,,Blue Spruce,16,50,40.00973208,-105.2733052
40,12424,CONIFEROUS,Pinus,ponderosa,,Ponderosa Pine,32,60,40.00986978,-105.2722732
41,12425,CONIFEROUS,Pinus,ponderosa,,Ponderosa Pine,25,50,40.00992271,-105.2722884
42,12467,DECIDUOUS,Quercus,rubra,,Northern Red Oak,30,65,40.00891451,-105.2731733
43,12472,DECIDUOUS,Acer,platanoides,,Norway Maple,40,28,40.00845442,-105.2729688
44,12474,DECIDUOUS,Quercus,bicolor,,Weeping Swamp White Oak,25,30,40.00833308,-105.2735826
45,12475,DECIDUOUS,Tilia,americana,,American Linden,20,30,40.00820831,-105.2731262
46,12479,DECIDUOUS,Ulmus,americana,,American Elm,60,76,40.00796755,-105.2728904
47,12485,DECIDUOUS,Quercus,macrocarpa,,Bur Oak,15,20,40.00807546,-105.2730072
48,12493,DECIDUOUS,Quercus,robur,,English Oak,10,24,40.00787329,-105.2733476
49,12538,CONIFEROUS,Picea,pungens,,Blue Spruce,20,65,40.00847666,-105.2738914
50,12545,CONIFEROUS,Picea,pungens,,Blue Spruce,24,60,40.00812933,-105.2730364
51,12614,CONIFEROUS,Juniperus,,,Juniper,15,35,40.00828824,-105.2740574
52,12390,DECIDUOUS,Celtis,occidentalis,,Common Hackberry,20,45,40.010254,-105.2722569
53,12391,DECIDUOUS,Celtis,occidentalis,,Common Hackberry,40,60,40.01027594,-105.2722126
54,12393,DECIDUOUS,Ulmus,americana,,American Elm,30,40,40.01031071,-105.272616
55,12898,CONIFEROUS,Juniperus,,,Juniper,16,35,40.00909082,-105.2734609
56,12901,CONIFEROUS,Juniperus,,,Juniper,10,30,40.00929782,-105.2734919
57,12923,DECIDUOUS,Ulmus,americana,,American Elm,20,16,40.00994091,-105.2738825
58,12679,DECIDUOUS,Fagus,,,Beech,20,25,40.0081048,-105.2746434
59,12681,DECIDUOUS,Koelreuteria,,,Golden Rain Tree,15,30,40.00818427,-105.2747024
60,12752,DECIDUOUS,Acer,rubrum,,Red Maple,20,30,40.0092726,-105.2708834
61,12789,DECIDUOUS,Quercus,robur,,English Oak,30,35,40.00928718,-105.2713947
62,12805,DECIDUOUS,Catalpa,speciosa,,Western Catalpa,35,61,40.00923169,-105.2739572
63,12824,CONIFEROUS,Pinus,ponderosa,,Ponderosa Pine,25,54,40.00829875,-105.2713461
64,12942,DECIDUOUS,Prunus,,,Flowering fruit trees,8,20,40.01004792,-105.2748237
65,12942,DECIDUOUS,Prunus,,,Flowering fruit trees,8,20,40.01005207,-105.2748282
66,12953,DECIDUOUS,Rhamnus,,,Buckthorn,8,12,40.00989656,-105.2748945
67,12962,CONIFEROUS,Picea,pungens,,Blue Spruce,16,40,40.00709296,-105.2728093
68,12966,CONIFEROUS,Abies,concolor,,White Fir,6,10,40.00968067,-105.2739713
69,12969,CONIFEROUS,Juniperus,,,Juniper,10,25,40.00960249,-105.2740947
70,12972,CONIFEROUS,Juniperus,,,Juniper,10,30,40.00992066,-105.273691
71,13216,CONIFEROUS,Pseudotsuga,menziesii,,Douglas Fir,12,30,40.00847436,-105.2752997
72,13229,CONIFEROUS,Picea,pungens,,Blue Spruce,8,35,40.00990088,-105.2762624
73,12976,CONIFEROUS,Juniperus,,,Juniper,16,25,40.00952921,-105.2733925
74,12993,DECIDUOUS,Rhamnus,cathartica,,Buckthorn,8,12,40.00740665,-105.2726831
75,13004,DECIDUOUS,Cercis,canadensis,,Redbud,12,24,40.00747921,-105.2726409
76,13008,DECIDUOUS,Rhamnus,,,Buckthorn,8,12,40.00714774,-105.2729186
77,13011,DECIDUOUS,Rhamnus,,,Buckthorn,8,12,40.00708506,-105.2729232
78,13019,DECIDUOUS,Acer,saccharinum,,Silver Maple,30,40,40.00948727,-105.2740096
79,13433,DECIDUOUS,Acer,platanoides,,Norway Maple,30,45,40.008496,-105.2745297
80,13438,DECIDUOUS,Robinia,,,Locust,25,50,40.00853913,-105.2748299
81,13441,DECIDUOUS,Castanea,,,American Chestnut,15,30,40.00872321,-105.2748855
82,13449,DECIDUOUS,Quercus,rubra,,Northern Red Oak,20,50,40.00886687,-105.2747493
83,13453,DECIDUOUS,Fraxinus,pennsylvanica,,Green Ash,30,40,40.00885565,-105.2747881
84,13454,DECIDUOUS,Populus,tremuloides,,Aspen,10,4,40.00885314,-105.2745104
85,13458,CONIFEROUS,Picea,pungens,,Blue Spruce,30,45,40.00843395,-105.2744883
86,13466,CONIFEROUS,Pseudotsuga,menziesii,,Douglas Fir,20,50,40.00875337,-105.2744927
87,13469,CONIFEROUS,Picea,pungens,,Blue Spruce,20,60,40.00882264,-105.2744251
88,13470,CONIFEROUS,Picea,pungens,,Blue Spruce,15,45,40.00885663,-105.274359
89,13471,CONIFEROUS,Picea,pungens,,Blue Spruce,15,30,40.00889677,-105.2743738
90,13481,CONIFEROUS,Taxodium,,,Bald Cypress,20,40,40.0087781,-105.274628
91,13306,DECIDUOUS,Rhamnus,,,Buckthorn,8,12,40.00817646,-105.275106
92,13699,DECIDUOUS,Acer,saccharum,,Sugar Maple,4,8,40.00807764,-105.2725316
93,13798,DECIDUOUS,Fraxinus,,,Ash,12,0,40.01006775,-105.2732879
94,13806,DECIDUOUS,Gleditsia,triacanthos,,Honey Locust,15,30,40.0099389,-105.2732959
95,13825,DECIDUOUS,Crataegus,mollis,,Downy Hawthorn,6,12,40.01036046,-105.2732605
96,10148,DECIDUOUS,Quercus,rubra,,Northern Red Oak,25,36,40.00936978,-105.2724634
97,10019,CONIFEROUS,Picea,pungens,,Blue Spruce,24,28,40.00890334,-105.2743172
98,10034,DECIDUOUS,Catalpa,,,Catalpa,11,40,40.00893921,-105.2738912
99,10035,DECIDUOUS,Quercus,rubra,,Northern Red Oak,37,64,40.00874625,-105.2743363
100,10057,DECIDUOUS,Gleditsia,triacanthos,,Honey Locust,20,45,40.00896259,-105.2751339
101,10058,DECIDUOUS,Quercus,palustris,,Pin Oak,32,74,40.00903268,-105.275058
102,10112,CONIFEROUS,Pinus,strobus,,Eastern White Pine,32,55,40.00933534,-105.2725896
103,10113,CONIFEROUS,Pinus,ponderosa,,Ponderosa Pine,15,37,40.00930873,-105.2729914
104,10122,DECIDUOUS,Quercus,macrocarpa,,Bur Oak,30,41,40.0084635,-105.2718379
105,10127,DECIDUOUS,Fraxinus,americana,,White Ash,32,38,40.00851066,-105.2726376
106,10133,DECIDUOUS,Acer,saccharum,,Sugar Maple,20,28,40.00884845,-105.2725864
107,10140,DECIDUOUS,Acer,saccharinum,,Silver Maple,40,92,40.00907207,-105.2725929
108,10141,DECIDUOUS,Acer,saccharinum,,Silver Maple,40,89,40.00907474,-105.2726974
109,10281,DECIDUOUS,Quercus,rubra,,Northern Red Oak,30,42,40.00954381,-105.2748896
110,10289,DECIDUOUS,Acer,saccharum,,Sugar Maple,24,27,40.0098037,-105.2750339
111,10327,DECIDUOUS,Quercus,rubra,,Northern Red Oak,20,30,40.00993895,-105.2754564
112,10331,DECIDUOUS,Acer,rubrum,,Red Maple,35,36,40.00994639,-105.27524
113,10339,DECIDUOUS,Acer,platanoides,,Norway Maple,40,45,40.01028369,-105.2755597
114,10341,DECIDUOUS,Malus,,,Apple,16,30,40.01027753,-105.275511
115,10343,DECIDUOUS,Prunus,,,Flowering fruit trees,20,46,40.01027616,-105.2753224
116,10463,CONIFEROUS,Pseudotsuga,menziesii,,Douglas Fir,25,56,40.00951465,-105.2757698
117,10471,CONIFEROUS,Pinus,nigra,,Austrian Pine,16,30,40.01030799,-105.2758599
118,10734,DECIDUOUS,Fraxinus,americana,,White Ash,35,84,40.00903846,-105.2735925
119,10746,DECIDUOUS,Fraxinus,americana,,White Ash,15,30,40.0096504,-105.2744232
120,10749,DECIDUOUS,Fraxinus,americana,,White Ash,15,30,40.00941492,-105.274279
121,10752,DECIDUOUS,Fraxinus,americana,,White Ash,15,30,40.00944042,-105.2743351
122,10782,DECIDUOUS,Fraxinus,americana,,White Ash,40,65,40.01005829,-105.2743937
123,10788,DECIDUOUS,Fraxinus,americana,,White Ash,12,30,40.01014119,-105.2739437
124,10801,DECIDUOUS,Fraxinus,americana,,White Ash,15,35,40.01000158,-105.2737961
125,10803,DECIDUOUS,Fraxinus,americana,,White Ash,15,35,40.01006235,-105.2735759
126,11193,DECIDUOUS,Syringa,,,Tree Lilac,15,19,40.00807611,-105.2722326
127,11196,DECIDUOUS,Rhamnus,,,Buckthorn,12,15,40.0081816,-105.2722721
128,11199,DECIDUOUS,Quercus,bicolor,,Swamp White Oak,9,17,40.0082989,-105.2725096
129,11211,CONIFEROUS,Pinus,nigra,,Austrian Pine,17,45,40.00832581,-105.2722404
130,11416,DECIDUOUS,Fraxinus,americana,,White Ash,32,38,40.00851724,-105.2728349
131,11673,CONIFEROUS,Picea,pungens,,Blue Spruce,16,30,40.00902692,-105.2719714
132,11675,CONIFEROUS,Taxodium,,,Bald Cypress,12,22,40.0090453,-105.271855
133,11660,DECIDUOUS,Fraxinus,americana,,White Ash,35,60,40.01022083,-105.2748442
134,12332,CONIFEROUS,Pinus,ponderosa,,Ponderosa Pine,25,50,40.00994811,-105.2723805
135,12340,CONIFEROUS,Juniperus,,,Juniper,10,25,40.01033122,-105.2723156
136,12416,CONIFEROUS,Picea,pungens,,Blue Spruce,16,45,40.00966657,-105.2724697
137,12465,DECIDUOUS,Quercus,macrocarpa,,Bur Oak,8,18,40.00893141,-105.2728444
138,12478,DECIDUOUS,Quercus,rubra,,Northern Red Oak,33,30,40.00835893,-105.2728628
139,12483,DECIDUOUS,Celtis,occidentalis,,Common Hackberry,25,45,40.00816906,-105.2727887
140,12491,DECIDUOUS,Quercus,robur,,English Oak,10,40,40.00787247,-105.2734444
141,12494,DECIDUOUS,Quercus,robur,,English Oak,15,45,40.00787305,-105.2733079
142,12541,CONIFEROUS,Thuja,,,Arborvitae,10,20,40.00825208,-105.2734993
143,12544,CONIFEROUS,Abies,concolor,,White Fir,24,45,40.00819932,-105.2730477
144,12547,CONIFEROUS,Picea,pungens,,Blue Spruce,24,45,40.008152,-105.2730947
145,12379,DECIDUOUS,Acer,rubrum,,Red Maple,30,40,40.00951411,-105.2732592
146,12395,DECIDUOUS,Populus,deltoides,,Eastern Cotton Wood,45,70,40.01006089,-105.2731596
147,12414,CONIFEROUS,Picea,pungens,,Blue Spruce,8,38,40.0096655,-105.2721083
148,12899,CONIFEROUS,Picea,pungens,,Blue Spruce,24,58,40.00931456,-105.2731395
149,12908,DECIDUOUS,Populus,,,Poplar,18,50,40.00957852,-105.274425
150,12912,DECIDUOUS,Prunus,,,Flowering fruit trees,16,25,40.0089623,-105.2741147
151,12913,DECIDUOUS,Cercis,canadensis,,Redbud,16,30,40.00906097,-105.2742152
152,12929,DECIDUOUS,Crataegus,crusgalli,,Cockspur Hawthorn,10,10,40.01020518,-105.2748804
153,12934,DECIDUOUS,Ulmus,americana,,American Elm,40,65,40.01035315,-105.2749046
154,12725,CONIFEROUS,Pinus,ponderosa,,Ponderosa Pine,30,50,40.00810352,-105.2744677
155,12731,CONIFEROUS,Juniperus,,,Juniper,18,35,40.00830406,-105.2743406
156,12791,DECIDUOUS,Malus,,,Apple,7,7,40.00905961,-105.2714777
157,12799,DECIDUOUS,Acer,rubrum,,Red Maple,16,24,40.00902404,-105.2741008
158,12848,CONIFEROUS,Juniperus,,,Juniper,18,35,40.00773728,-105.2726454
159,12946,DECIDUOUS,Prunus,,,Flowering fruit trees,6,10,40.01000629,-105.2748178
160,12960,CONIFEROUS,Picea,pungens,,Blue Spruce,18,40,40.00715453,-105.2726231
161,12977,CONIFEROUS,Thuja,,,Arborvitae,8,12,40.00929869,-105.2740137
162,12981,CONIFEROUS,Pseudotsuga,menziesii,,Douglas Fir,18,61,40.00951058,-105.2741272
163,12985,CONIFEROUS,Juniperus,,,Juniper,15,20,40.00926905,-105.2742791
164,12992,DECIDUOUS,Rhamnus,,,Buckthorn,8,12,40.00738939,-105.2725226
165,13034,CONIFEROUS,Picea,pungens,,Blue Spruce,12,40,40.00973326,-105.2744248
166,13429,DECIDUOUS,Fagus,,,European Beech,16,30,40.00850048,-105.2743399
167,13434,DECIDUOUS,Salix,,,Black Willow,40,75,40.00860347,-105.2746973
168,13455,DECIDUOUS,Populus,tremuloides,,Aspen,4,8,40.00883585,-105.2745516
169,13456,DECIDUOUS,Gleditsia,triacanthos,,Honey Locust,15,40,40.00895436,-105.2744064
170,13467,CONIFEROUS,Juniperus,,,Juniper,15,30,40.00877423,-105.2744362
171,13468,CONIFEROUS,Juniperus,,,Juniper,15,30,40.00878089,-105.2744656
172,13474,CONIFEROUS,Juniperus,,,Juniper,15,20,40.00842814,-105.2747306
173,13309,DECIDUOUS,Gleditsia,triacanthos,,Honey Locust,25,35,40.00907107,-105.2756646
174,13547,CONIFEROUS,Picea,pungens,,Blue Spruce,4,9,40.00914763,-105.2712378
175,13799,DECIDUOUS,Fraxinus,,,Ash,12,0,40.01008018,-105.2732835
176,13808,DECIDUOUS,Fraxinus,,,Ash,12,0,40.00997352,-105.2732212
177,13818,DECIDUOUS,Crataegus,mollis,,Downy Hawthorn,3,10,40.01018735,-105.2732017
178,13820,DECIDUOUS,Crataegus,mollis,,Downy Hawthorn,15,20,40.01028235,-105.2731543
179,13824,DECIDUOUS,Crataegus,mollis,,Downy Hawthorn,6,12,40.01034945,-105.2732235
180,13834,DECIDUOUS,Crataegus,,,Hawthorne,15,20,40.01031834,-105.2743236
181,15603,CONIFEROUS,Picea,omorika,,Serbian spruce,4,6,40.0089392,-105.2742818
182,15644,DECIDUOUS,Acer,platanoides,Pacific Sunset,Norway maple 'Pacific Sunset',3,8,40.00973489,-105.2746417
183,10013,CONIFEROUS,Picea,pungens,,Blue Spruce,19,30,40.00887285,-105.2741052
184,10047,DECIDUOUS,Betula,,,Birch,31,29,40.00878729,-105.2754761
185,10062,DECIDUOUS,Catalpa,speciosa,,Western Catalpa,7,15,40.00905517,-105.2754404
186,10065,CONIFEROUS,Pinus,ponderosa,,Ponderosa Pine,32,69,40.0090969,-105.2751946
187,10114,CONIFEROUS,Pinus,monticola,,Western White Pine,33,57,40.00927316,-105.2730234
188,10136,DECIDUOUS,Quercus,alba,,White Oak,5,8,40.00893887,-105.2719463
189,10242,CONIFEROUS,Pseudotsuga,menziesii,,Douglas Fir,12,48,40.00950236,-105.2752401
190,10286,DECIDUOUS,Acer,saccharinum,,Silver Maple,45,56,40.00964479,-105.2750387
191,10316,CONIFEROUS,Pinus,nigra,,Austrian Pine,25,39,40.00951333,-105.2746085
192,10318,CONIFEROUS,Pinus,nigra,,Austrian Pine,25,54,40.00966713,-105.2745859
193,10322,DECIDUOUS,Crataegus,,,Hawthorne,24,35,40.01009242,-105.2758011
194,10325,DECIDUOUS,Acer,saccharinum,,Silver Maple,35,48,40.0100786,-105.2757509
195,10334,DECIDUOUS,Acer,saccharinum,,Silver Maple,40,60,40.00961608,-105.2758548
196,10346,DECIDUOUS,Prunus,,,Flowering fruit trees,16,42,40.01024523,-105.2752059
197,10357,DECIDUOUS,Acer,platanoides,,Norway Maple,30,34,40.01001935,-105.2750102
198,10460,CONIFEROUS,Picea,pungens,,Blue Spruce,16,41,40.00966825,-105.2755382
199,10473,CONIFEROUS,Juniperus,,,Juniper,16,24,40.01027444,-105.2759796
200,10474,CONIFEROUS,Picea,pungens,,Blue Spruce,16,24,40.01032725,-105.2759235
201,10475,CONIFEROUS,Pinus,ponderosa,,Ponderosa Pine,15,66,40.01031386,-105.2758233
202,10477,CONIFEROUS,Pinus,ponderosa,,Ponderosa Pine,15,60,40.01028111,-105.2757959
203,10727,DECIDUOUS,Fraxinus,americana,,White Ash,20,35,40.00905505,-105.2745475
204,10733,DECIDUOUS,Fraxinus,americana,,White Ash,25,50,40.00910648,-105.2742685
205,10744,DECIDUOUS,Fraxinus,americana,,White Ash,20,50,40.00935528,-105.2742243
206,10753,DECIDUOUS,Fraxinus,americana,,White Ash,15,30,40.00941602,-105.2743226
207,10758,DECIDUOUS,Fraxinus,americana,,White Ash,18,30,40.00974216,-105.2739165
208,10804,DECIDUOUS,Fraxinus,americana,,White Ash,15,35,40.01007221,-105.2735917
209,11190,DECIDUOUS,Acer,saccharum,,Sugar Maple,27,39,40.00807397,-105.2724472
210,11200,DECIDUOUS,Quercus,coccinea,,Scarlet Oak,16,30,40.00834553,-105.2726306
211,11212,CONIFEROUS,Picea,pungens,,Blue Spruce,13,46,40.00834219,-105.272293
212,11671,DECIDUOUS,Celtis,occidentalis,,Common Hackberry,25,45,40.00916457,-105.2738252
213,11626,DECIDUOUS,Fraxinus,pennsylvanica,,Green Ash,22,50,40.00916518,-105.2744005
214,14138,DECIDUOUS,Hydrangea,paniculata,Grandiflora,Panicle hydrangea,6,0,40.01003978,-105.2759531
215,14153,DECIDUOUS,Pyrus,,,Pear,6,6,40.01002545,-105.2757611
216,12373,DECIDUOUS,Quercus,coccinea,,Scarlet Oak,45,68,40.00950969,-105.2729315
217,12375,DECIDUOUS,Cercis,canadensis,,Redbud,20,30,40.00965439,-105.2731201
218,12337,CONIFEROUS,Pinus,flexilis,,Limber Pine,20,63,40.0103221,-105.2721205
219,12339,CONIFEROUS,Juniperus,,,Juniper,20,35,40.01027595,-105.2723327
220,12473,DECIDUOUS,Populus,deltoides,,Eastern Cotton Wood,50,65,40.00874267,-105.2731004
221,12484,DECIDUOUS,Celtis,occidentalis,,Common Hackberry,35,35,40.00798889,-105.2730601
222,12492,DECIDUOUS,Quercus,robur,,English Oak,10,24,40.00787166,-105.2733782
223,12497,DECIDUOUS,Malus,,,Apple,4,7,40.00806268,-105.274136
224,12616,CONIFEROUS,Picea,pungens,,Blue Spruce,8,20,40.00824703,-105.2740927
225,12619,CONIFEROUS,Larix,,,Larch,36,52,40.0083466,-105.2749871
226,12620,CONIFEROUS,Pseudotsuga,menziesii,,Douglas fir,12,50,40.00840935,-105.2748772
227,12385,DECIDUOUS,Crataegus,mollis,,Downy Hawthorn,10,22,40.00997224,-105.2721156
228,12399,DECIDUOUS,Celtis,occidentalis,,Common Hackberry,12,24,40.01012399,-105.2730934
229,12903,CONIFEROUS,Abies,concolor,,White Fir,8,20,40.00930434,-105.2736219
230,12906,CONIFEROUS,Pinus,ponderosa,,Ponderosa Pine,30,47,40.00930383,-105.2757187
231,12915,DECIDUOUS,Acer,negundo,,Boxelder Maple,25,40,40.00902238,-105.2744348
232,12920,DECIDUOUS,Rhamnus,,,Buckthorn,8,12,40.01008056,-105.2745841
233,12922,CONIFEROUS,Xanthocyparis,nootkatensis,,Nootka Cypress,16,20,40.00995516,-105.2739876
234,12930,DECIDUOUS,Crataegus,crusgalli,,Cockspur Hawthorn,10,10,40.01021487,-105.2748602
235,12722,CONIFEROUS,Picea,pungens,,Blue Spruce,16,45,40.00805488,-105.2747423
236,12723,CONIFEROUS,Picea,pungens,,Blue Spruce,16,35,40.00808001,-105.2747114
237,12727,CONIFEROUS,Picea,pungens,,Blue Spruce,20,60,40.00808182,-105.2745325
238,12793,DECIDUOUS,Crataegus,mollis,,Downy Hawthorn,30,46,40.00916906,-105.2721714
239,12796,DECIDUOUS,Acer,saccharinum,,Silver Maple,58,85,40.0090205,-105.2722007
240,12797,DECIDUOUS,Acer,pseudoplatanus,,Sycamore Maple,16,22,40.0090422,-105.2722657
241,12815,DECIDUOUS,Quercus,alba,,White Oak,40,63,40.00931723,-105.2756707
242,12858,CONIFEROUS,Thuja,,,Arborvitae,14,30,40.00919211,-105.2711325
243,12888,CONIFEROUS,Picea,pungens,,Blue Spruce,18,30,40.00918169,-105.271403
244,12891,CONIFEROUS,Picea,pungens,,Blue Spruce,12,20,40.00901951,-105.2714277
245,12897,CONIFEROUS,Juniperus,,,Juniper,12,30,40.00907886,-105.2736246
246,12949,DECIDUOUS,Rhamnus,,,Buckthorn,8,12,40.00991752,-105.2748957
247,12967,CONIFEROUS,Juniperus,,,Juniper,10,35,40.00964145,-105.2740006
248,12968,CONIFEROUS,Juniperus,,,Juniper,10,20,40.00967496,-105.2739362
249,13166,DECIDUOUS,Acer,saccharinum,,Silver Maple,40,63,40.00972967,-105.2755487
250,13003,DECIDUOUS,Cercis,canadensis,,Redbud,12,24,40.00749563,-105.2726005
251,13008,DECIDUOUS,Rhamnus,,,Buckthorn,8,12,40.00714621,-105.2729251
252,13026,DECIDUOUS,Tilia,americana,,American Linden,25,45,40.009748,-105.2734142
253,13027,DECIDUOUS,Populus,,,Poplar,18,40,40.00951536,-105.2743826
254,13031,CONIFEROUS,Picea,pungens,,Blue Spruce,16,35,40.0090153,-105.2743357
255,13033,CONIFEROUS,Larix,,,Larch,4,6,40.00909556,-105.2742938
256,13036,CONIFEROUS,Abies,concolor,,White Fir,8,30,40.01019404,-105.2747486
257,13428,DECIDUOUS,Gleditsia,triacanthos,,Honey Locust,25,35,40.00842234,-105.2741818
258,13436,DECIDUOUS,Ulmus,americana,,American Elm,30,50,40.00840954,-105.274683
259,13437,DECIDUOUS,Ailanthus,,,Tree of Heaven,20,40,40.00850054,-105.2748066
260,13439,DECIDUOUS,Rhamnus,,,Buckthorn,10,20,40.00857305,-105.2747986
261,13445,DECIDUOUS,Acer,palmatum,,Japanese Maple,3,5,40.00873644,-105.2746358
262,13457,DECIDUOUS,Gleditsia,triacanthos,,Honey Locust,30,45,40.00895384,-105.2741637
263,13476,CONIFEROUS,Pinus,mugo,,Mugo Pine,20,51,40.00831294,-105.2747112
264,13482,CONIFEROUS,Picea,pungens,,Blue Spruce,20,50,40.00890026,-105.2745181
265,13307,DECIDUOUS,Malus,,,Apple,20,30,40.00844637,-105.275321
266,13811,DECIDUOUS,Fraxinus,,,Ash,12,0,40.00991463,-105.2732037
267,13828,DECIDUOUS,Rhamnus,,,Buckthorn,15,15,40.01035207,-105.2737232
268,15604,CONIFEROUS,Abies,concolor,,White Fir,4,6,40.00828795,-105.2732333
269,10144,DECIDUOUS,Malus,,,Apple,18,20,40.00914635,-105.2725727
270,10151,DECIDUOUS,Paulownia,,,Empress Tree,11,9,40.00912492,-105.2728804
271,10016,CONIFEROUS,Picea,pungens,,Blue Spruce,8,18,40.00881728,-105.2742443
272,10018,CONIFEROUS,Picea,pungens,,Blue Spruce,6,13,40.00885621,-105.2742764
273,10036,DECIDUOUS,Ulmus,americana,,American Elm,53,65,40.00858132,-105.2743693
274,10044,DECIDUOUS,Acer,,,Maple,5,17,40.00872689,-105.2752503
275,10046,DECIDUOUS,Ulmus,americana,,American Elm,40,68,40.00854903,-105.2751347
276,10059,DECIDUOUS,Castanea,sativa,,European chestnut,15,21,40.00890301,-105.2750648
277,10061,DECIDUOUS,Quercus,,"""Heritage""  Bur\English hybrid",Oak 'Heritage',7,16,40.00898653,-105.2753593
278,10111,CONIFEROUS,Picea,pungens,,Blue Spruce,10,38,40.00845318,-105.2723395
279,10128,DECIDUOUS,Acer,saccharinum,,Silver Maple,34,67,40.00879792,-105.2727195
280,10138,DECIDUOUS,Quercus,palustris,,Pin Oak,27,47,40.00918875,-105.2726963
281,10282,DECIDUOUS,Quercus,rubra,,Northern Red Oak,35,45,40.00975964,-105.2749031
282,10283,DECIDUOUS,Gymnocladus,dioicus,,Kentucky Coffeetree,35,51,40.00954999,-105.2751721
283,10291,DECIDUOUS,Quercus,bicolor,,Swamp White Oak,35,60,40.0094753,-105.2755978
284,10356,DECIDUOUS,Acer,saccharum,,Sugar Maple,12,20,40.00999295,-105.2751757
285,10360,DECIDUOUS,Acer,saccharinum,,Silver Maple,30,35,40.01028585,-105.2749089
286,10469,CONIFEROUS,Pinus,ponderosa,,Ponderosa Pine,20,62,40.01024958,-105.2756707
287,10736,DECIDUOUS,Fraxinus,pennsylvanica,,Green Ash,25,35,40.00949791,-105.2734715
288,10748,DECIDUOUS,Fraxinus,americana,,White Ash,15,30,40.00960489,-105.2744646
289,10761,DECIDUOUS,Fraxinus,pennsylvanica,,Green Ash,25,30,40.00985836,-105.2762353
290,10783,DECIDUOUS,Fraxinus,americana,,White Ash,25,50,40.01006796,-105.2742348
291,10786,DECIDUOUS,Fraxinus,americana,,White Ash,40,60,40.01003978,-105.2741584
292,10789,DECIDUOUS,Fraxinus,americana,,White Ash,12,30,40.01014218,-105.2739601
293,10793,DECIDUOUS,Fraxinus,americana,,White Ash,12,30,40.01002841,-105.2739407
294,10795,DECIDUOUS,Fraxinus,americana,,White Ash,40,70,40.01007672,-105.2738131
295,10828,DECIDUOUS,Fraxinus,americana,,White Ash,20,40,40.01033979,-105.2733629
296,10830,DECIDUOUS,Fraxinus,americana,,White Ash,12,40,40.01025109,-105.2732744
297,11187,DECIDUOUS,Tilia,americana,,American Linden,21,43,40.0077835,-105.2725606
298,11188,DECIDUOUS,Acer,saccharinum,,Silver Maple,30,65,40.00791504,-105.2723455
299,11194,DECIDUOUS,Syringa,,,Tree Lilac,15,15,40.00810215,-105.2722327
300,11202,DECIDUOUS,Celtis,occidentalis,,Common Hackberry,35,50,40.00816727,-105.2726974
301,11667,DECIDUOUS,Gleditsia,triacanthos,,Honey Locust,30,45,40.00842482,-105.2735919
302,11672,CONIFEROUS,Picea,pungens,,Blue Spruce,10,21,40.00904435,-105.2720301
303,11624,DECIDUOUS,Fraxinus,pennsylvanica,,Green Ash,20,50,40.00935134,-105.274656
304,12368,DECIDUOUS,Quercus,bicolor,,Swamp White Oak,20,24,40.00959121,-105.2723981
305,12369,DECIDUOUS,Magnolia,,,Magnolia,12,12,40.00959764,-105.272473
306,12370,DECIDUOUS,Crataegus,phaenopyrum,,Washington Hawthorn,10,15,40.00955137,-105.2727119
307,12371,DECIDUOUS,Crataegus,phaenopyrum,,Washington Hawthorn,15,15,40.00955135,-105.2728083
308,12366,DECIDUOUS,Gleditsia,triacanthos,,Honey Locust,30,55,40.00964776,-105.2722233
309,12419,CONIFEROUS,Picea,pungens,,Blue Spruce,16,50,40.00968087,-105.2732851
310,12423,CONIFEROUS,Pinus,flexilis,,Limber Pine,16,35,40.00953623,-105.272054
311,12477,DECIDUOUS,Gymnocladus,dioicus,,Kentucky Coffeetree,20,54,40.00833971,-105.2730267
312,13546,CONIFEROUS,Picea,pungens,,Blue Spruce,4,9,40.0091491,-105.2711891
313,12487,DECIDUOUS,Pyrus,,,Pear,8,20,40.00805503,-105.273112
314,12542,CONIFEROUS,Thuja,,,Arborvitae,5,7,40.00823978,-105.2736165
315,12618,CONIFEROUS,Larix,,,Larch,12,30,40.00843066,-105.2748967
316,12622,CONIFEROUS,Pinus,ponderosa,,Ponderosa Pine,25,53,40.00816392,-105.275006
317,12380,DECIDUOUS,Acer,platanoides,,Norway Maple,22,33,40.0097303,-105.2720151
318,12384,CONIFEROUS,Cedrus,,,Cedar,8,20,40.00981822,-105.272267
319,12398,DECIDUOUS,Celtis,occidentalis,,Common Hackberry,12,24,40.01013102,-105.2731134
320,12900,CONIFEROUS,Picea,pungens,,Blue Spruce,24,58,40.00933775,-105.2732351
321,12916,DECIDUOUS,Platanus,,,American plane tree,25,60,40.00906298,-105.2744646
322,12918,DECIDUOUS,Quercus,macrocarpa,,Bur Oak,30,35,40.00878969,-105.2748263
323,12925,DECIDUOUS,Acer,saccharum,,Sugar Maple,18,25,40.01026336,-105.2745535
324,12927,DECIDUOUS,Acer,saccharinum,,Silver Maple,30,45,40.01009267,-105.2748757
325,12933,DECIDUOUS,Crataegus,mollis,,Downy Hawthorn,16,35,40.01034656,-105.2747304
326,12682,DECIDUOUS,Koelreuteria,,,Golden Rain Tree,15,30,40.0081746,-105.2747243
327,12685,DECIDUOUS,Quercus,alba,,White Oak,30,40,40.00823608,-105.2745739
328,12726,CONIFEROUS,Pinus,ponderosa,,Ponderosa Pine,30,56,40.00811643,-105.2745645
329,12733,CONIFEROUS,Picea,pungens,,Blue Spruce,8,24,40.00825318,-105.2743454
330,12734,DECIDUOUS,Malus,,,Apple,16,22,40.00823212,-105.2713255
331,12735,DECIDUOUS,Malus,,,Apple,16,20,40.00820722,-105.2713254
332,12785,DECIDUOUS,Acer,saccharum,,Sugar Maple,18,35,40.00936314,-105.2722618
333,12787,DECIDUOUS,Gymnocladus,dioicus,,Kentucky Coffeetree,30,30,40.00935374,-105.2718479
334,12803,DECIDUOUS,Gleditsia,triacanthos,,Honey Locust,30,50,40.00895257,-105.2735384
335,12823,CONIFEROUS,Picea,pungens,,Blue Spruce,18,40,40.00824513,-105.2711863
336,12847,CONIFEROUS,Juniperus,,,Rocky Mountain Juniper,20,46,40.00773893,-105.2728514
337,12856,CONIFEROUS,Picea,pungens,,Blue Spruce,12,36,40.00911312,-105.2712566
338,12865,CONIFEROUS,Picea,pungens,,Blue Spruce,16,35,40.00932244,-105.2705961
339,12867,CONIFEROUS,Picea,pungens,,Blue Spruce,24,47,40.00915674,-105.2705136
340,12868,CONIFEROUS,Juniperus,,,Juniper,12,30,40.00911364,-105.2702821
341,12885,CONIFEROUS,Abies,concolor,,White Fir,8,35,40.00933403,-105.2718817
342,12893,CONIFEROUS,Picea,glauca,,White Spruce,8,30,40.00906382,-105.2735717
343,12894,CONIFEROUS,Picea,pungens,,Blue Spruce,4,5,40.0090311,-105.2735419
344,12895,CONIFEROUS,Picea,pungens,,Blue Spruce,12,35,40.00908963,-105.2735682
345,12941,DECIDUOUS,Prunus,,,Flowering fruit trees,20,50,40.01009175,-105.2748263
346,12974,CONIFEROUS,Picea,pungens,,Blue Spruce,16,35,40.0097673,-105.2738605
347,13231,CONIFEROUS,Picea,pungens,,Blue Spruce,16,35,40.01003779,-105.276302
348,13232,CONIFEROUS,Picea,pungens,,Blue Spruce,16,35,40.01003502,-105.276367
349,12990,DECIDUOUS,Cercis,canadensis,,Redbud,25,38,40.0072981,-105.2725014
350,13000,DECIDUOUS,Rhamnus,,,Buckthorn,8,12,40.00712197,-105.2725404
351,13002,DECIDUOUS,Cercis,canadensis,,Redbud,8,12,40.00742048,-105.2725068
352,13005,DECIDUOUS,Cercis,canadensis,,Redbud,12,24,40.00744523,-105.2726368
353,13007,DECIDUOUS,Aesculus,hippocastanum,,Horse Chestnut,35,56,40.00748732,-105.2729176
354,13014,DECIDUOUS,Catalpa,speciosa,,Western Catalpa,10,15,40.00950329,-105.2736938
355,13032,CONIFEROUS,Larix,,,Larch,4,6,40.00911159,-105.2742506
356,13430,DECIDUOUS,Fagus,,,Beech,16,30,40.0084647,-105.2744234
357,13431,DECIDUOUS,Ulmus,americana,,American Elm,40,65,40.00852898,-105.2744292
358,13442,DECIDUOUS,Gymnocladus,dioicus,,Kentucky Coffeetree,12,50,40.00864172,-105.2748415
359,13443,DECIDUOUS,Salix,,,Willow,40,60,40.00866703,-105.2747429
360,13447,DECIDUOUS,Carya,,,Hickory,18,50,40.00881788,-105.2747494
361,13450,DECIDUOUS,Malus,,,Apple,20,30,40.00894178,-105.2746752
362,13463,CONIFEROUS,Larix,,,European Larch,16,35,40.00856495,-105.2745288
363,13464,CONIFEROUS,Larix,,,Larch,16,35,40.00853857,-105.2745686
364,13477,CONIFEROUS,Pseudotsuga,menziesii,,Douglas Fir,20,45,40.00851879,-105.2747329
365,13796,DECIDUOUS,Salix,,,Willow,35,65,40.01035261,-105.2734909
366,13813,DECIDUOUS,Crataegus,mollis,,Downy Hawthorn,10,15,40.01011814,-105.2732031
367,13816,DECIDUOUS,Crataegus,mollis,,Downy Hawthorn,3,10,40.01021496,-105.273187
368,13817,DECIDUOUS,Crataegus,mollis,,Downy Hawthorn,3,10,40.01020145,-105.2731939
369,10149,DECIDUOUS,Catalpa,speciosa,,Western Catalpa,7,14,40.00905908,-105.272804
370,10152,DECIDUOUS,Ulmus,americana,,American Elm,60,93,40.00908975,-105.2729895
371,10154,DECIDUOUS,Acer,platanoides,,Norway Maple,29,40,40.00906752,-105.2730935
372,10014,CONIFEROUS,Abies,concolor,,White Fir,21,44,40.00883233,-105.274164
373,10015,CONIFEROUS,Picea,pungens,,Blue Spruce,24,36,40.00888126,-105.2742478
374,10031,DECIDUOUS,Catalpa,,,Catalpa,30,80,40.00880584,-105.2738156
375,10045,DECIDUOUS,Ulmus,americana,,American Elm,57,65,40.00857037,-105.2751444
376,10049,DECIDUOUS,Betula,,,Birch,31,29,40.00878619,-105.2751343
377,10054,DECIDUOUS,Crataegus,,,Hawthorne,13,18,40.00890953,-105.2752637
378,10060,DECIDUOUS,Crataegus,,,Hawthorne,23,14,40.00898727,-105.2754941
379,10063,DECIDUOUS,Catalpa,speciosa,,Western Catalpa,25,78,40.00913097,-105.2757072
380,10110,CONIFEROUS,Picea,abies,,Norway Spruce,12,39,40.00848625,-105.2723113
381,10115,CONIFEROUS,Pinus,ponderosa,,Ponderosa Pine,19,55,40.0093214,-105.2730568
382,10125,DECIDUOUS,Platanus,acerifolia,,Planetree,6,15,40.00849711,-105.2724394
383,10130,DECIDUOUS,Ulmus,americana,,American Elm,54,65,40.00882798,-105.2724247
384,10243,CONIFEROUS,Pseudotsuga,menziesii,,Douglas Fir,12,48,40.00949198,-105.2752866
385,10277,DECIDUOUS,Acer,saccharinum,,Silver Maple,38,55,40.00977932,-105.2747668
386,10278,DECIDUOUS,Fraxinus,americana,,White Ash,16,38,40.00960564,-105.2747737
387,10284,DECIDUOUS,Quercus,rubra,,Northern Red Oak,30,45,40.0095438,-105.2750225
388,10288,DECIDUOUS,Tilia,cordata,,Little Leaf Linden,40,45,40.00970855,-105.2751374
389,10292,DECIDUOUS,Aesculus,flava,,Yellow Buckeye,25,76,40.01007731,-105.2750506
390,10317,CONIFEROUS,Pinus,nigra,,Austrian Pine,25,50,40.00954471,-105.2745946
391,10326,DECIDUOUS,Acer,saccharinum,,Silver Maple,45,70,40.01006578,-105.2755976
392,10342,DECIDUOUS,Tilia,americana,,American Linden,35,40,40.01023764,-105.2754573
393,10347,DECIDUOUS,Prunus,,,Flowering fruit trees,16,42,40.01028069,-105.2751689
394,10351,DECIDUOUS,Acer,saccharinum,,Silver Maple,55,67,40.0099612,-105.2750604
395,10457,CONIFEROUS,Pseudotsuga,menziesii,,Douglas Fir,10,20,40.01001908,-105.2755539
396,10461,CONIFEROUS,Picea,pungens,,Blue Spruce,16,41,40.00961617,-105.2759021
397,10465,CONIFEROUS,Picea,pungens,,Blue Spruce,16,43,40.00951011,-105.2759049
398,10476,CONIFEROUS,Pinus,ponderosa,,Ponderosa Pine,15,60,40.01024457,-105.2757802
399,10478,CONIFEROUS,Pinus,ponderosa,,Ponderosa Pine,15,60,40.01027243,-105.2757521
400,10740,DECIDUOUS,Fraxinus,americana,,White Ash,8,20,40.00963691,-105.2740754
401,10740,DECIDUOUS,Fraxinus,americana,,White Ash,8,20,40.00963798,-105.2740853
402,10768,DECIDUOUS,Fraxinus,americana,,White Ash,20,50,40.00930146,-105.2743271
403,10778,DECIDUOUS,Fraxinus,americana,,White Ash,15,30,40.01015848,-105.2742384
404,10781,DECIDUOUS,Fraxinus,americana,,White Ash,30,70,40.01009962,-105.274168
405,10791,DECIDUOUS,Fraxinus,americana,,White Ash,12,30,40.01012872,-105.2739989
406,10806,DECIDUOUS,Fraxinus,americana,,White Ash,15,35,40.00998009,-105.2736255
407,10807,DECIDUOUS,Fraxinus,americana,,White Ash,40,69,40.0099817,-105.2734391
408,11198,DECIDUOUS,Acer,x freemanii,,Freeman Maple,17,36,40.00819283,-105.2724176
409,11201,DECIDUOUS,Acer,saccharum,,Sugar Maple,10,16,40.00828734,-105.2726992
410,11213,CONIFEROUS,Picea,pungens,,Blue Spruce,13,45,40.00828797,-105.2722721
411,14152,DECIDUOUS,Gleditsia,triacanthos,,Honey Locust,6,6,40.00990963,-105.2757007
412,12374,DECIDUOUS,Cercis,canadensis,,Redbud,20,30,40.00965472,-105.2730591
413,12376,DECIDUOUS,Cercis,canadensis,,Redbud,20,30,40.00946618,-105.2730065
414,12422,CONIFEROUS,Juniperus,,,Juniper,16,40,40.00973649,-105.273195
415,12426,CONIFEROUS,Pinus,ponderosa,,Ponderosa Pine,25,50,40.00996164,-105.2723182
416,12469,DECIDUOUS,Gleditsia,triacanthos,,Honey Locust,30,50,40.00842604,-105.2733009
417,12470,DECIDUOUS,Quercus,robur,,English Oak,42,48,40.00843068,-105.2731413
418,12615,CONIFEROUS,Juniperus,,,Juniper,15,35,40.00826073,-105.2740597
419,12377,DECIDUOUS,Ulmus,americana,,American Elm,45,60,40.00958605,-105.2731019
420,12378,DECIDUOUS,Acer,saccharinum,,Silver Maple,36,50,40.00960964,-105.2732027
421,12910,DECIDUOUS,Prunus,,,Flowering fruit trees,16,25,40.00903431,-105.274222
422,12928,DECIDUOUS,Prunus,,,Flowering fruit trees,10,12,40.0101091,-105.2749115
423,12688,DECIDUOUS,Malus,,,Apple,25,25,40.00851549,-105.2750355
424,12730,CONIFEROUS,Abies,concolor,,White Fir,18,35,40.00829292,-105.2744838
425,12749,DECIDUOUS,Acer,saccharinum,,Silver Maple,40,75,40.00772997,-105.2731479
426,12750,DECIDUOUS,Acer,platanoides,,"Schwedler Norway
Maple",28,35,40.00918576,-105.2711948
427,12754,DECIDUOUS,Catalpa,speciosa,,Western Catalpa,20,35,40.00934478,-105.2707463
428,12784,DECIDUOUS,Acer,saccharum,,Sugar Maple,18,20,40.00935909,-105.2723711
429,12786,DECIDUOUS,Quercus,bicolor,,Swamp White Oak,24,40,40.00935644,-105.2720673
430,12794,DECIDUOUS,Crataegus,crusgalli,,Cockspur Hawthorn,8,10,40.00913188,-105.2723492
431,12800,DECIDUOUS,Aesculus,,,Buckeye,16,20,40.0090168,-105.2740275
432,12802,DECIDUOUS,Fraxinus,pennsylvanica,,Green Ash,30,60,40.00892747,-105.2734013
433,12804,DECIDUOUS,Tilia,americana,,American Linden,30,50,40.00901349,-105.2733774
434,12809,DECIDUOUS,Quercus,alba,,White Oak,16,15,40.00930021,-105.2750832
435,12810,DECIDUOUS,Acer,saccharum,,Sugar Maple,20,56,40.00932173,-105.2752591
436,12812,DECIDUOUS,Malus,,,Apple,30,40,40.00929453,-105.2754766
437,12813,DECIDUOUS,Malus,,,Apple,30,40,40.00930755,-105.2755138
438,12814,DECIDUOUS,Malus,,,Apple,30,40,40.00927844,-105.2755319
439,12816,DECIDUOUS,Acer,platanoides,,Norway Maple,20,30,40.00914431,-105.2754871
440,12849,CONIFEROUS,Pinus,strobus,,Eastern White Pine,35,45,40.00777171,-105.2730283
441,12853,CONIFEROUS,Pinus,edulis,,Colorado Pinyon Pine,6,10,40.00929067,-105.2712815
442,12855,CONIFEROUS,Picea,pungens,,Blue Spruce,18,65,40.00916029,-105.2711387
443,12857,CONIFEROUS,Pinus,ponderosa,,Ponderosa Pine,25,49,40.00928885,-105.2710585
444,12862,CONIFEROUS,Juniperus,,,Juniper,12,37,40.0091677,-105.2707995
445,12896,CONIFEROUS,Picea,pungens,,Blue Spruce,12,35,40.00911212,-105.2736071
446,12945,DECIDUOUS,Prunus,,,Flowering fruit trees,6,10,40.0100523,-105.2748054
447,12948,DECIDUOUS,Rhamnus,,,Buckthorn,8,12,40.00991694,-105.2749105
448,12954,CONIFEROUS,Juniperus,,,Juniper,16,37,40.0070604,-105.2729994
449,12958,CONIFEROUS,Pinus,ponderosa,,Ponderosa Pine,16,45,40.00708994,-105.2725665
450,12959,CONIFEROUS,Picea,pungens,,Blue Spruce,16,45,40.00712228,-105.2726082
451,13165,DECIDUOUS,Ulmus,americana,,American Elm,35,77,40.00969979,-105.2755685
452,13230,CONIFEROUS,Picea,pungens,,Blue Spruce,16,50,40.00998893,-105.2763245
453,13236,CONIFEROUS,Picea,pungens,,Blue Spruce,20,38,40.00972475,-105.27582
454,12977,CONIFEROUS,Thuja,,,Arborvitae,8,12,40.00929735,-105.2740213
455,12980,CONIFEROUS,Juniperus,,,Juniper,16,18,40.00942076,-105.2740273
456,12989,DECIDUOUS,Rhamnus,,,Buckthorn,8,12,40.00726838,-105.2725082
457,12995,DECIDUOUS,Rhamnus,,,Buckthorn,8,12,40.00741141,-105.2727951
458,12998,DECIDUOUS,Rhamnus,,,Buckthorn,8,12,40.00723767,-105.272994
459,12958,DECIDUOUS,Rhamnus,,,Buckthorn,8,12,40.0070831,-105.272571
460,13020,DECIDUOUS,Acer,x freemanii,,Freeman Maple,16,25,40.00959551,-105.2740189
461,13028,CONIFEROUS,Juniperus,,,Juniper,15,20,40.00939864,-105.2744879
462,13030,CONIFEROUS,Picea,pungens,,Blue Spruce,16,35,40.0090173,-105.2742733
463,13037,CONIFEROUS,Abies,concolor,,White Fir,8,20,40.01020013,-105.2747752
464,13426,DECIDUOUS,Quercus,palustris,,Pin Oak,20,40,40.00845201,-105.2740297
465,13435,DECIDUOUS,Acer,saccharinum,,Silver Maple,40,65,40.00888976,-105.2744465
466,13446,DECIDUOUS,Quercus,bicolor,,Swamp White Oak,20,40,40.00876916,-105.2747186
467,13451,DECIDUOUS,Robinia,,,Locust,10,30,40.00876249,-105.2745618
468,13452,DECIDUOUS,Fraxinus,pennsylvanica,,Green Ash,30,40,40.00879346,-105.2745374
469,13459,CONIFEROUS,Picea,pungens,,Blue Spruce,35,70,40.00847174,-105.2746078
470,13460,CONIFEROUS,Picea,pungens,,Blue Spruce,35,70,40.0085108,-105.2746625
471,13462,CONIFEROUS,Pseudotsuga,menziesii,,Douglas Fir,20,45,40.0085397,-105.2746576
472,13478,CONIFEROUS,Juniperus,,,Juniper,8,30,40.00854466,-105.2747736
473,13313,DECIDUOUS,Ulmus,americana,,American Elm,35,63,40.01025939,-105.2765031
474,13336,DECIDUOUS,Pyrus,,,Pear,20,29,40.00971789,-105.2756736
475,13695,DECIDUOUS,Acer,saccharum,,Sugar maple,5,10,40.00996269,-105.2750086
476,13545,DECIDUOUS,Ulmus,americana,,American Elm,50,70,40.01005396,-105.2733342
477,13797,DECIDUOUS,Pinus,,,Pine,12,0,40.00989022,-105.273232
478,13801,DECIDUOUS,Crataegus,mollis,,Downy Hawthorn,12,0,40.01009672,-105.2732579
479,13804,DECIDUOUS,Malus,,,Apple,12,0,40.01003989,-105.2731847
480,13805,DECIDUOUS,Fraxinus,,,Ash,12,0,40.01004118,-105.2732807
481,13807,DECIDUOUS,Crataegus,mollis,,Downy Hawthorn,12,0,40.01000075,-105.2732601
482,13823,DECIDUOUS,Crataegus,mollis,,Downy Hawthorn,3,10,40.01027063,-105.2731695
483,13826,DECIDUOUS,Crataegus,mollis,,Downy Hawthorn,15,15,40.01035183,-105.2736005
484,13827,DECIDUOUS,Crataegus,mollis,,Downy Hawthorn,15,20,40.01035176,-105.2735643
485,14157,DECIDUOUS,Acer,,,Maple,6,6,40.01000479,-105.2754679
486,10033,DECIDUOUS,Gleditsia,triacanthos,,Honey Locust,38,54,40.0089649,-105.2737864
487,10043,DECIDUOUS,Tilia,cordata,,Little Leaf Linden,34,42,40.00866358,-105.2750716
488,10056,DECIDUOUS,Prunus,,,Flowering fruit trees,9,12,40.00897726,-105.2751922
489,10119,DECIDUOUS,Gingko,biloba,,Gingko,10,10,40.00893703,-105.2714994
490,10124,DECIDUOUS,Acer,saccharinum,,Silver Maple,25,29,40.00843061,-105.272223
491,10126,DECIDUOUS,Quercus,bicolor,,Swamp White Oak,15,22,40.00846437,-105.2725253
492,10131,DECIDUOUS,Quercus,muehlenbergii,,Chinkapin Oak,4,8,40.00889718,-105.2726606
493,10132,DECIDUOUS,Quercus,muehlenbergii,,Chinkapin Oak,4,10,40.0089139,-105.2725827
494,10134,DECIDUOUS,Quercus,robur,,English Oak,38,46,40.00887324,-105.2722448
495,10290,DECIDUOUS,Acer,platanoides,,Norway Maple,10,29,40.00957253,-105.2753615
496,10296,CONIFEROUS,Picea,pungens,,Blue Spruce,18,50,40.00909551,-105.2701653
497,10324,DECIDUOUS,Crataegus,,,Hawthorne,18,20,40.01005014,-105.2759186
498,10332,DECIDUOUS,Acer,saccharinum,,Silver Maple,40,50,40.00999131,-105.2754009
499,10349,DECIDUOUS,Crataegus,,,Hawthorne,20,25,40.01032985,-105.2750267
500,10355,DECIDUOUS,Quercus,muehlenbergii,,Chinkapin Oak,6,15,40.01005338,-105.2752884
501,10466,CONIFEROUS,Picea,pungens,,Blue Spruce,20,61,40.00952949,-105.2759784
502,10726,DECIDUOUS,Fraxinus,americana,,White Ash,35,65,40.00906019,-105.2745999
503,10730,DECIDUOUS,Fraxinus,americana,,White Ash,20,35,40.00908428,-105.2743629
504,10731,DECIDUOUS,Fraxinus,americana,,White Ash,20,50,40.00909985,-105.2745593
505,10737,DECIDUOUS,Fraxinus,americana,,White Ash,30,40,40.00939124,-105.2739615
506,10745,DECIDUOUS,Fraxinus,americana,,White Ash,20,50,40.00938711,-105.2741214
507,10753,DECIDUOUS,Fraxinus,americana,,White Ash,15,30,40.00941468,-105.2743191
508,10757,DECIDUOUS,Fraxinus,americana,,White Ash,18,30,40.00972261,-105.2739897
509,10759,DECIDUOUS,Fraxinus,americana,,White Ash,20,35,40.00994441,-105.2739111
510,10760,DECIDUOUS,Fraxinus,americana,,White Ash,18,30,40.01001879,-105.27459
511,10769,DECIDUOUS,Fraxinus,americana,,White Ash,20,50,40.00932682,-105.2743807
512,10784,DECIDUOUS,Fraxinus,americana,,White Ash,10,30,40.01004571,-105.2742277
513,10790,DECIDUOUS,Fraxinus,americana,,White Ash,12,30,40.01009862,-105.2739976
514,10792,DECIDUOUS,Fraxinus,americana,,White Ash,12,30,40.01011985,-105.2739994
515,10794,DECIDUOUS,Fraxinus,americana,,White Ash,40,45,40.01002142,-105.2738204
516,10826,DECIDUOUS,Fraxinus,pennsylvanica,,Green Ash,20,30,40.01032587,-105.2732593
517,10831,DECIDUOUS,Fraxinus,americana,,White Ash,20,30,40.01029578,-105.2734314
518,11186,DECIDUOUS,Malus,,,Apple,22,24,40.0077456,-105.2724639
519,11208,CONIFEROUS,Picea,pungens,,Blue Spruce,20,82,40.00779476,-105.2722795
520,11209,CONIFEROUS,Picea,pungens,,Blue Spruce,12,27,40.00775015,-105.2722847
521,11674,CONIFEROUS,Abies,concolor,,White Fir,8,20,40.0090256,-105.2720001
522,11625,DECIDUOUS,Fraxinus,pennsylvanica,,Green Ash,35,50,40.00925386,-105.2745315
523,12338,CONIFEROUS,Pinus,flexilis,,Limber Pine,25,67,40.01033072,-105.2721927
524,12341,CONIFEROUS,Pseudotsuga,menziesii,,Douglas Fir,20,67,40.01029811,-105.2724798
525,12367,DECIDUOUS,Quercus,muehlenbergii,,Chinkapin Oak,5,10,40.00950272,-105.2722255
526,12417,CONIFEROUS,Juniperus,,,Juniper,20,45,40.00963331,-105.2729074
527,12418,CONIFEROUS,Juniperus,,,Juniper,20,40,40.00961596,-105.2729805
528,12471,DECIDUOUS,Gleditsia,triacanthos,,Honey Locust,30,50,40.00842565,-105.2729424
529,12481,DECIDUOUS,Celtis,occidentalis,,Common Hackberry,20,30,40.00795019,-105.2729857
530,12539,CONIFEROUS,Picea,pungens,,Blue Spruce,20,60,40.00847054,-105.2739189
531,12540,CONIFEROUS,Abies,concolor,,White Fir,24,40,40.00831515,-105.273838
532,12548,CONIFEROUS,Picea,pungens,,Blue Spruce,10,8,40.00816124,-105.2730233
533,12382,DECIDUOUS,Morus,,,Mulberry,34,41,40.00981083,-105.2721575
534,12389,DECIDUOUS,Sorbus,,,Mountain-ash,20,20,40.01030059,-105.2723206
535,12396,DECIDUOUS,Celtis,occidentalis,,Common Hackberry,18,35,40.01019601,-105.2730882
536,12905,CONIFEROUS,Picea,pungens,,Blue Spruce,10,25,40.00932499,-105.2757151
537,12907,CONIFEROUS,Pinus,ponderosa,,Ponderosa Pine,12,20,40.00927346,-105.2757147
538,12911,DECIDUOUS,Prunus,,,Flowering fruit trees,16,25,40.00906011,-105.2742602
539,12917,DECIDUOUS,Quercus,muehlenbergii,,Chinkapin Oak,6,12,40.00873431,-105.27481
540,12931,DECIDUOUS,Crataegus,laevigatga,,English Hawthorn,16,35,40.01034114,-105.2746783
541,12683,DECIDUOUS,Acer,saccharinum,,Silver Maple,30,45,40.00823857,-105.2746552
542,12686,DECIDUOUS,Celtis,occidentalis,,Common Hackberry,16,18,40.00832786,-105.274575
543,12724,CONIFEROUS,Juniperus,,,Juniper,16,35,40.00808083,-105.2744664
544,12729,CONIFEROUS,Picea,pungens,,Blue Spruce,20,45,40.00815295,-105.2745159
545,12736,DECIDUOUS,Malus,,,Apple,16,20,40.00815675,-105.2713192
546,12747,DECIDUOUS,Tilia,americana,,American Linden,16,40,40.00777854,-105.273189
547,12748,DECIDUOUS,Tilia,americana,,American Linden,24,45,40.00779279,-105.2729322
548,12751,DECIDUOUS,Celtis,occidentalis,,Common Hackberry,40,47,40.00934525,-105.2709832
549,12790,DECIDUOUS,Quercus,robur,,English Oak,35,39,40.00909445,-105.2714505
550,12801,DECIDUOUS,Acer,saccharum,,Sugar Maple,30,40,40.00902436,-105.2738561
551,12818,CONIFEROUS,Picea,pungens,,Blue Spruce,16,40,40.0081444,-105.2713433
552,12850,CONIFEROUS,Tsuga,,,Hemlock,10,30,40.00774684,-105.2730264
553,12860,CONIFEROUS,Thuja,,,Arborvitae,25,40,40.00917448,-105.2708319
554,12886,CONIFEROUS,Abies,concolor,,White Fir,10,40,40.00934782,-105.2717899
555,12887,CONIFEROUS,Abies,concolor,,White Fir,5,12,40.00936023,-105.2714776
556,12892,CONIFEROUS,Abies,concolor,,White Fir,12,30,40.00901824,-105.2713731
557,12938,DECIDUOUS,Crataegus,mollis,,Downy Hawthorn,20,35,40.01032915,-105.2747372
558,12942,DECIDUOUS,Prunus,,,Flowering fruit trees,8,20,40.01004946,-105.2748248
559,12964,CONIFEROUS,Picea,pungens,,Blue Spruce,8,15,40.00715822,-105.2728678
560,12965,CONIFEROUS,Picea,pungens,,Blue Spruce,20,48,40.00952181,-105.2735323
561,13233,CONIFEROUS,Picea,pungens,,Blue Spruce,16,45,40.01006561,-105.2763499
562,13235,CONIFEROUS,Pseudotsuga,menziesii,,Douglas Fir,10,30,40.01002353,-105.2756094
563,12983,CONIFEROUS,Juniperus,,,Juniper,15,20,40.00924652,-105.2741666
564,12987,DECIDUOUS,Rhamnus,,,Buckthorn,8,12,40.00708303,-105.2728734
565,12996,DECIDUOUS,Rhamnus,,,Buckthorn,8,12,40.0073353,-105.2729839
566,13004,DECIDUOUS,Cercis,canadensis,,Redbud,12,24,40.00748494,-105.2726346
567,13010,DECIDUOUS,Rhamnus,,,Buckthorn,8,12,40.00709291,-105.2729136
568,13013,DECIDUOUS,Catalpa,speciosa,,Western Catalpa,6,8,40.00950747,-105.2736079
569,13015,DECIDUOUS,Acer,saccharum,,Sugar Maple,10,12,40.00951402,-105.2737386
570,13025,DECIDUOUS,Acer,saccharinum,,Silver Maple,35,55,40.0098349,-105.273775
571,13432,DECIDUOUS,Gleditsia,triacanthos,,Honey Locust,25,40,40.00842441,-105.2745811
572,13444,DECIDUOUS,Hamemelis,,,Witch Hazel,10,10,40.00869725,-105.2746543
573,13448,DECIDUOUS,Quercus,bicolor,,Swamp White Oak,25,50,40.00886975,-105.2746608
574,13461,CONIFEROUS,Picea,pungens,,Blue Spruce,20,35,40.00851409,-105.2746153
575,13304,DECIDUOUS,Gleditsia,triacanthos,,Honey Locust,24,30,40.00809457,-105.2750665
576,13308,DECIDUOUS,Gleditsia,triacanthos,,Honey Locust,25,35,40.00894553,-105.2755845
577,13311,DECIDUOUS,Catalpa,speciosa,,Western Catalpa,38,75,40.00914148,-105.2756892
578,14145,DECIDUOUS,Hydrangea,paniculata,Grandiflora,Panicle hydrangea,6,6,40.01007894,-105.2757049
579,13694,DECIDUOUS,Quercus,,,Oak,5,12,40.0099872,-105.2753476
580,13664,DECIDUOUS,Magnolia,,,Magnolia,5,15,40.00969418,-105.2737774
581,13822,DECIDUOUS,Crataegus,mollis,,Downy Hawthorn,3,10,40.01026008,-105.2731546
582,13829,DECIDUOUS,Liquidambar,,,Sweetgum,15,20,40.01033175,-105.2739204
583,13832,DECIDUOUS,Crataegus,,,Hawthorne,15,20,40.0103099,-105.2741753
584,14158,DECIDUOUS,Cercis,canadensis,,Redbud,6,6,40.00990841,-105.2754623
585,15605,DECIDUOUS,Quercus,macrocarpa,,Bur Oak,3,8,40.00798267,-105.2728161
586,15677,DECIDUOUS,Acer,grandidentatum,Rocky Mtn Glow,Big Tooth Maple,,10,40.00836085,-105.2747255
587,15678,DECIDUOUS,Platanus,xna,,American Sycamore ,,12,40.00845141,-105.2737588
588,10142,DECIDUOUS,Cercis,canadensis,,Redbud,4,10,40.00924397,-105.2726198
589,10147,DECIDUOUS,Platanus,,,American plane tree,5,12,40.00904031,-105.2724954
590,10153,DECIDUOUS,Ulmus,americana,,American Elm,48,79,40.00915105,-105.2729363
591,10157,DECIDUOUS,Malus,,,Apple,23,16,40.00931809,-105.2729028
592,10017,CONIFEROUS,Picea,pungens,,Blue Spruce,10,52,40.0088639,-105.2743717
593,10037,DECIDUOUS,Gleditsia,triacanthos,,Honey Locust,35,50,40.00896119,-105.2740145
594,10038,DECIDUOUS,Carpinus,,,Hornbeam,25,21,40.00869213,-105.2744238
595,10048,DECIDUOUS,Betula,,,Birch,31,29,40.00859304,-105.2753991
596,10050,DECIDUOUS,Quercus,rubra,,Northern Red Oak,35,62,40.00880788,-105.2755374
597,10053,DECIDUOUS,Crataegus,,,Hawthorne,15,13,40.00890448,-105.2753711
598,10120,DECIDUOUS,Quercus,rubra,,Northern Red Oak,45,50,40.00882534,-105.2715062
599,10121,DECIDUOUS,Quercus,rubra,,Northern Red Oak,23,28,40.00858333,-105.2715287
600,10129,DECIDUOUS,Ulmus,americana,,American Elm,45,85,40.00881864,-105.2726412
601,10139,DECIDUOUS,Acer,saccharinum,,Silver Maple,40,93,40.0090459,-105.2724521
602,10279,DECIDUOUS,Acer,rubrum,,Red Maple,8,15,40.00977507,-105.2747078
603,10337,DECIDUOUS,Quercus,rubra,,Northern Red Oak,8,10,40.0102635,-105.2758974
604,10338,DECIDUOUS,Acer,saccharum,,Sugar Maple,24,30,40.0101951,-105.275761
605,10350,DECIDUOUS,Celtis,occidentalis,,Common Hackberry,40,48,40.01024856,-105.2750037
606,10462,CONIFEROUS,Pseudotsuga,menziesii,,Douglas Fir,25,38,40.00959773,-105.2760316
607,10728,DECIDUOUS,Fraxinus,americana,,White Ash,20,35,40.00904545,-105.2744857
608,10729,DECIDUOUS,Fraxinus,americana,,White Ash,20,35,40.00905972,-105.2744531
609,10740,DECIDUOUS,Fraxinus,americana,,White Ash,8,20,40.00963082,-105.2740756
610,10747,DECIDUOUS,Fraxinus,americana,,White Ash,15,30,40.00964189,-105.2744491
611,10764,DECIDUOUS,Fraxinus,pennsylvanica,,Green Ash,30,40,40.0091814,-105.2757567
612,10775,DECIDUOUS,Fraxinus,americana,,White Ash,25,60,40.01034449,-105.2745355
613,10779,DECIDUOUS,Fraxinus,americana,,White Ash,15,30,40.01011441,-105.2741795
614,10797,DECIDUOUS,Fraxinus,americana,,White Ash,15,35,40.00999184,-105.2737411
615,10798,DECIDUOUS,Fraxinus,americana,,White Ash,15,35,40.01001201,-105.2737028
616,10805,DECIDUOUS,Fraxinus,americana,,White Ash,15,35,40.00997838,-105.2736364
617,10824,DECIDUOUS,Fraxinus,americana,,White Ash,40,50,40.01022248,-105.2731512
618,10825,DECIDUOUS,Fraxinus,americana,,White Ash,20,40,40.01026141,-105.273202
619,10829,DECIDUOUS,Fraxinus,americana,,White Ash,12,30,40.01031443,-105.2733863
620,10885,DECIDUOUS,Fraxinus,pennsylvanica,,Green Ash,20,40,40.00929654,-105.272248
621,11192,DECIDUOUS,Acer,ginnala,,Amur Maple,15,15,40.00805943,-105.2722389
622,11195,DECIDUOUS,Syringa,,,Tree Lilac,15,16,40.00812479,-105.272235
623,11662,DECIDUOUS,Acer,pseudoplatanus,,Sycamore Maple,20,32,40.00847994,-105.2713464
624,11665,DECIDUOUS,Quercus,bicolor,,Swamp White Oak,16,40,40.00910491,-105.2739085
625,11666,DECIDUOUS,Quercus,prinus,,Chestnut Oak,42,82,40.00854375,-105.2740336
626,11676,CONIFEROUS,Abies,concolor,,White Fir,10,36,40.00852592,-105.2714063
627,14151,DECIDUOUS,Gleditsia,triacanthos,,Honey Locust,6,6,40.00997379,-105.2756999
628,12333,CONIFEROUS,Juniperus,,,Juniper,20,40,40.00995995,-105.272281
629,12365,DECIDUOUS,Gingko,biloba,,Gingko,16,30,40.00972911,-105.2722468
630,12420,CONIFEROUS,Picea,pungens,,Blue Spruce,16,50,40.00971439,-105.2732491
631,12466,DECIDUOUS,Quercus,rubra,,Northern Red Oak,30,68,40.00890373,-105.2730371
632,12476,DECIDUOUS,Gingko,biloba,,Gingko,5,12,40.00818644,-105.2729827
633,12480,DECIDUOUS,Quercus,rubra,,Northern Red Oak,40,55,40.00791697,-105.2730867
634,12482,DECIDUOUS,Celtis,occidentalis,,Common Hackberry,20,35,40.00804792,-105.2727982
635,12383,DECIDUOUS,Celtis,occidentalis,,Common Hackberry,30,55,40.00983338,-105.2721076
636,12386,DECIDUOUS,Crataegus,mollis,,Downy Hawthorn,10,20,40.00999131,-105.2720496
637,12387,DECIDUOUS,Acer,platanoides,,Norway Maple,25,28,40.00993709,-105.2720124
638,12388,DECIDUOUS,Celtis,occidentalis,,Common Hackberry,20,40,40.01035101,-105.2722322
639,12397,DECIDUOUS,Celtis,occidentalis,,Common Hackberry,12,24,40.0101434,-105.2730861
640,12400,DECIDUOUS,Celtis,occidentalis,,Common Hackberry,12,24,40.01019471,-105.2729729
641,12902,CONIFEROUS,Picea,pungens,,Blue Spruce,16,55,40.00930639,-105.2734864
642,12904,CONIFEROUS,Pseudotsuga,menziesii,,Douglas Fir,18,58,40.00926637,-105.2737546
643,12909,DECIDUOUS,Prunus,,,Flowering fruit trees,16,30,40.00906377,-105.2742505
644,12919,DECIDUOUS,Acer,saccharinum,,Silver Maple,25,30,40.00978831,-105.2745321
645,12921,DECIDUOUS,Rhamnus,,,Buckthorn,8,12,40.01004408,-105.274514
646,12926,DECIDUOUS,Gymnocladus,dioicus,,Kentucky Coffeetree,35,65,40.01016852,-105.2747657
647,12680,DECIDUOUS,Koelreuteria,,,Golden Rain Tree,15,30,40.00816292,-105.2747073
648,12687,DECIDUOUS,Gingko,biloba,,Gingko,7,10,40.00829618,-105.2744101
649,12732,CONIFEROUS,Juniperus,,,Juniper,18,35,40.00826856,-105.2743303
650,12753,DECIDUOUS,Acer,saccharinum,,Silver Maple,20,40,40.0091385,-105.2707318
651,12788,DECIDUOUS,Gymnocladus,dioicus,,Kentucky Coffeetree,30,30,40.00934314,-105.2715892
652,12806,DECIDUOUS,Catalpa,speciosa,,Western Catalpa,30,58,40.00938921,-105.2735878
653,12807,DECIDUOUS,Quercus,rubra,,Northern Red Oak,40,62,40.00928361,-105.2738253
654,12851,CONIFEROUS,Picea,pungens,,Blue Spruce,12,29,40.00933937,-105.271327
655,12852,CONIFEROUS,Picea,pungens,,Blue Spruce,12,26,40.00935163,-105.2712821
656,12854,CONIFEROUS,Picea,pungens,,Blue Spruce,18,68,40.0091133,-105.271193
657,12859,CONIFEROUS,Thuja,,,Arborvitae,25,40,40.00918398,-105.2709573
658,12947,DECIDUOUS,Prunus,,,Flowering fruit trees,6,10,40.01002656,-105.2748921
659,12950,DECIDUOUS,Rhamnus,,,Buckthorn,8,12,40.00990429,-105.2748671
660,12948,DECIDUOUS,Rhamnus,,,Buckthorn,8,12,40.00991577,-105.2749058
661,12963,CONIFEROUS,Picea,pungens,,Blue Spruce,16,40,40.00712727,-105.2728723
662,12970,CONIFEROUS,Juniperus,,,Juniper,10,25,40.00969238,-105.2738982
663,12971,CONIFEROUS,Picea,pungens,,Blue Spruce,10,25,40.00971054,-105.2738396
664,12979,CONIFEROUS,Thuja,,,Arborvitae,8,12,40.00927249,-105.2740741
665,10748,CONIFEROUS,Picea,pungens,,Blue Spruce,10,15,40.00960263,-105.2744545
666,12990,DECIDUOUS,Rhamnus,,,Buckthorn,8,12,40.00729986,-105.2725112
667,12994,DECIDUOUS,Rhamnus,,,Buckthorn,8,12,40.00741384,-105.2727223
668,13016,DECIDUOUS,Rhamnus,,,Buckthorn,18,12,40.00953669,-105.2738046
669,13017,DECIDUOUS,Malus,,,Apple,12,12,40.00945178,-105.2738094
670,13018,DECIDUOUS,Acer,saccharinum,,Silver Maple,35,55,40.00956073,-105.2738817
671,13021,DECIDUOUS,Acer,x freemanii,,Freeman Maple,8,12,40.00953549,-105.2740816
672,13035,CONIFEROUS,Pinus,mugo,,Mugo Pine,20,20,40.01003841,-105.2744436
673,13038,CONIFEROUS,Abies,concolor,,White Fir,16,45,40.0101282,-105.2748932
674,13475,CONIFEROUS,Pinus,mugo,,Mugo Pine,20,51,40.00857213,-105.2749767
675,13305,DECIDUOUS,Acer,rubrum,,Red Maple,20,35,40.00822592,-105.2751458
676,13314,DECIDUOUS,Malus,,,Apple,12,12,40.01039314,-105.2764618
677,13315,DECIDUOUS,Malus,,,Apple,12,16,40.01039347,-105.2763469
678,13331,DECIDUOUS,Ulmus,americana,,American Elm,45,54,40.00994747,-105.2762953
679,13800,DECIDUOUS,Fraxinus,,,Ash,12,0,40.01008905,-105.2732932
680,13802,DECIDUOUS,Crataegus,mollis,,Downy Hawthorn,12,0,40.0100577,-105.2732397
681,13821,DECIDUOUS,Crataegus,mollis,,Downy Hawthorn,3,10,40.01024888,-105.273141
682,14159,DECIDUOUS,Cercis,canadensis,,Redbud,6,6,40.00997266,-105.2754634
683,14160,DECIDUOUS,Malus,,,Apple,6,6,40.01002079,-105.275589
684,10143,DECIDUOUS,Quercus,macrocarpa,,Bur Oak,29,37,40.00920792,-105.2728465
685,10145,DECIDUOUS,Malus,,,Apple,21,15,40.00931821,-105.2726584
686,10156,DECIDUOUS,Acer,platanoides,,Norway Maple,17,27,40.00928447,-105.272934
687,10032,DECIDUOUS,Catalpa,,,Catalpa,20,65,40.00885225,-105.2737589
688,10040,DECIDUOUS,Tilia,cordata,,Little Leaf Linden,37,45,40.00885592,-105.2735717
689,10123,DECIDUOUS,Quercus,alba,,White Oak,6,11,40.00844611,-105.2720974
690,10135,DECIDUOUS,Quercus,alba,,White Oak,5,8,40.00890708,-105.2720421
691,10244,CONIFEROUS,Pinus,strobiformis,,Southwestern White Pine,32,52,40.00952279,-105.2752546
692,10320,CONIFEROUS,Juniperus,,,Juniper,16,18,40.00968134,-105.274525
693,10333,DECIDUOUS,Acer,saccharinum,,Silver Maple,40,60,40.00957882,-105.2756485
694,10336,DECIDUOUS,Ulmus,americana,,American Elm,35,46,40.01033806,-105.2759972
695,10339,DECIDUOUS,Prunus,,,Flowering fruit trees,20,49,40.01028034,-105.2755611
696,10344,DECIDUOUS,Liriodendron,tulipifera,,Tulip Tree,8,15,40.01031859,-105.2754632
697,10352,DECIDUOUS,Acer,saccharinum,,Silver Maple,60,75,40.01007757,-105.2754581
698,10459,CONIFEROUS,Picea,pungens,,Blue Spruce,16,40,40.00986825,-105.2754197
699,10470,CONIFEROUS,Pinus,nigra,,Austrian Pine,16,38,40.01027229,-105.2758179
700,10481,CONIFEROUS,Picea,pungens,,Blue Spruce,16,41,40.01027617,-105.27526
701,10725,DECIDUOUS,Fraxinus,americana,,White Ash,15,30,40.00871351,-105.2747593
702,10732,DECIDUOUS,Fraxinus,americana,,White Ash,25,50,40.00903838,-105.2742536
703,10735,DECIDUOUS,Fraxinus,pennsylvanica,,Green Ash,40,75,40.00953403,-105.2731339
704,10780,DECIDUOUS,Fraxinus,americana,,White Ash,15,30,40.01015323,-105.2739543
705,10784,DECIDUOUS,Fraxinus,americana,,White Ash,10,30,40.01004286,-105.2742321
706,10800,DECIDUOUS,Fraxinus,americana,,White Ash,15,35,40.01004382,-105.2737678
707,10834,DECIDUOUS,Fraxinus,pennsylvanica,,Green Ash,20,30,40.00896435,-105.2757084
708,10924,CONIFEROUS,Juniperus,,,Juniper,10,29,40.00763182,-105.2722861
709,11189,DECIDUOUS,Acer,saccharinum,,Silver Maple,30,60,40.00796393,-105.2725857
710,11191,DECIDUOUS,Quercus,palustris,,Pin Oak,26,56,40.00809071,-105.272314
711,11197,DECIDUOUS,Rhamnus,,,Buckthorn,12,15,40.00820849,-105.2722712
712,11203,DECIDUOUS,Celtis,occidentalis,,Common Hackberry,30,54,40.00806316,-105.2726998
713,11210,CONIFEROUS,Picea,pungens,,Blue Spruce,12,30,40.00773859,-105.2723103
714,11669,DECIDUOUS,Gleditsia,triacanthos,,Honey Locust,30,45,40.00842461,-105.2739441
715,11670,DECIDUOUS,Quercus,coccinea,,Scarlet Oak,30,68,40.00904874,-105.2737772
716,11678,CONIFEROUS,Picea,pungens,,Blue Spruce,14,55,40.0091189,-105.2736743
717,11623,DECIDUOUS,Fraxinus,pennsylvanica,,Green Ash,40,51,40.00935042,-105.2748205
718,11661,DECIDUOUS,Fraxinus,americana,,White Ash,35,52,40.0096928,-105.2758574
719,14156,DECIDUOUS,Acer,platanoides,,Norway Maple,6,6,40.00987523,-105.2754634
720,12372,DECIDUOUS,Quercus,coccinea,,Scarlet Oak,45,54,40.0095019,-105.2725889
721,12331,CONIFEROUS,Pinus,ponderosa,,Ponderosa Pine,25,50,40.010007,-105.2724681
722,12335,CONIFEROUS,Picea,pungens,,Blue Spruce,20,60,40.01007713,-105.2720146
723,12464,DECIDUOUS,Acer,platanoides,,Norway Maple,33,25,40.00881526,-105.2728325
724,12468,DECIDUOUS,Gleditsia,triacanthos,,Honey Locust,25,38,40.00842731,-105.2734101
725,12514,DECIDUOUS,Malus,,,Apple,5,40,40.00718783,-105.2731787
726,12546,CONIFEROUS,Picea,pungens,,Blue Spruce,24,60,40.00812263,-105.27309
727,12617,CONIFEROUS,Abies,concolor,,White Fir,20,62,40.0083133,-105.2739768
728,12621,CONIFEROUS,Pinus,mugo,,Mugo Pine,6,8,40.00849311,-105.2751056
729,12381,DECIDUOUS,Fagus,,,Beech,16,30,40.00960127,-105.27204
730,12392,DECIDUOUS,Gleditsia,triacanthos,,Honey Locust,20,39,40.01037771,-105.2726406
731,12394,DECIDUOUS,Acer,platanoides,,Norway Maple,25,40,40.01025798,-105.2730027
732,12914,DECIDUOUS,Cercis,canadensis,,Redbud,16,25,40.00905726,-105.2745044
733,12924,DECIDUOUS,Acer,saccharum,,Sugar Maple,18,25,40.01026781,-105.2746811
734,12932,DECIDUOUS,Crataegus,mollis,,Downy Hawthorn,16,35,40.01035796,-105.2746879
735,12741,DECIDUOUS,Crataegus,crusgalli,,Cockspur Hawthorn,6,8,40.00825775,-105.2710256
736,12792,DECIDUOUS,Gingko,biloba,,Gingko,5,12,40.00912718,-105.2722592
737,12795,DECIDUOUS,Crataegus,crusgalli,,Cockspur Hawthorn,8,10,40.00909697,-105.2723709
738,12798,DECIDUOUS,Acer,pseudoplatanus,,Sycamore Maple,16,24,40.00903888,-105.2723798
739,12808,DECIDUOUS,Acer,rubrum,,Red Maple,10,15,40.00932401,-105.2751787
740,12861,CONIFEROUS,Picea,pungens,,Blue Spruce,25,65,40.00917084,-105.2710207
741,12863,CONIFEROUS,Picea,pungens,,Blue Spruce,16,48,40.00916897,-105.2708123
742,12889,CONIFEROUS,Picea,pungens,,Colorado Blue Spruce,16,28,40.00906255,-105.2713403
743,12890,CONIFEROUS,Picea,pungens,,Blue Spruce,18,58,40.00909676,-105.2713747
744,12936,DECIDUOUS,Acer,saccharinum,,Silver Maple,30,45,40.010301,-105.2748992
745,12939,DECIDUOUS,Gymnocladus,dioicus,,Kentucky Coffeetree,20,45,40.01030737,-105.2748025
746,12951,DECIDUOUS,Rhamnus,,,Buckthorn,8,12,40.00989931,-105.274877
747,12961,CONIFEROUS,Pinus,ponderosa,,Ponderosa Pine,6,20,40.00709355,-105.2726408
748,13214,CONIFEROUS,Pseudotsuga,menziesii,,Douglas Fir,16,48,40.00835645,-105.2752121
749,13215,CONIFEROUS,Pseudotsuga,menziesii,,Douglas Fir,12,30,40.00842678,-105.2752812
750,12975,CONIFEROUS,Picea,pungens,,Blue Spruce,16,30,40.00985278,-105.2734539
751,12984,CONIFEROUS,Juniperus,,,Juniper,15,20,40.00925814,-105.2742384
752,12988,DECIDUOUS,Rhamnus,,,Buckthorn,8,12,40.00724519,-105.2725111
753,12991,DECIDUOUS,Rhamnus,,,Buckthorn,8,12,40.00734583,-105.2725007
754,12997,DECIDUOUS,Rhamnus,,,Buckthorn,8,12,40.00727191,-105.2729839
755,13010,DECIDUOUS,Rhamnus,,,Buckthorn,8,12,40.00709568,-105.2729206
756,13022,DECIDUOUS,Prunus,,,Flowering fruit trees,10,15,40.00960698,-105.2739743
757,13023,DECIDUOUS,Acer,saccharinum,,Silver Maple,20,40,40.00963887,-105.2739365
758,13029,CONIFEROUS,Picea,pungens,,Blue Spruce,16,35,40.00903978,-105.274307
759,13427,DECIDUOUS,Ulmus,americana,,American Elm,40,75,40.00841252,-105.2741229
760,13440,DECIDUOUS,Rhamnus,,,Buckthorn,18,10,40.00856537,-105.274849
761,13465,CONIFEROUS,Picea,pungens,,Blue Spruce,16,40,40.00869288,-105.2745393
762,13472,CONIFEROUS,Juniperus,,,Juniper,20,35,40.00842537,-105.2747549
763,13479,CONIFEROUS,Picea,pungens,,Blue Spruce,16,40,40.00867755,-105.2748723
764,13480,CONIFEROUS,Juniperus,,,Juniper,10,20,40.00867097,-105.2748236
765,13312,DECIDUOUS,Quercus,robur,,English Oak,35,40,40.00917658,-105.2758658
766,13700,DECIDUOUS,Acer,saccharum,,Sugar Maple,4,8,40.00818766,-105.2725514
767,13544,DECIDUOUS,Ulmus,americana,,American Elm,8,20,40.01030426,-105.2728703
768,13803,DECIDUOUS,Celtis,occidentalis,,Common Hackberry,12,0,40.01002234,-105.2732592
769,13812,DECIDUOUS,Rhamnus,,,Buckthorn,12,0,40.00992413,-105.2732313
770,13814,DECIDUOUS,Crataegus,mollis,,Downy Hawthorn,10,15,40.01013586,-105.2732202
771,13815,DECIDUOUS,Crataegus,mollis,,Downy Hawthorn,3,10,40.01023126,-105.2731808
772,13819,DECIDUOUS,Crataegus,mollis,,Downy Hawthorn,15,20,40.01017259,-105.2731738
773,13830,DECIDUOUS,Taxodium,,,Bald Cypress,15,25,40.01025156,-105.2739641
774,13833,DECIDUOUS,Crataegus,,,Hawthorne,15,20,40.01031641,-105.2742579
775,14027,DECIDUOUS,Catalpa,speciosa,,Western Catalpa,5,10,40.00831462,-105.2727976
776,15693,DECIDUOUS,Acer,saccharum,Caddo,,,,40.00969953,-105.2748892
777,15694,DECIDUOUS,Acer,saccharum,Caddo,Sugar Maple,,12,40.00986183,-105.2751432
